profile,scene,resolution,source_dir,rgb_mae_0_255,rgb_mse_byte_squared,max_absolute_rgb_0_255,different_rgba_bytes
Full,take,3840x2160,images-final-4k,0.0,0.0,0,0
Full,take,1920x1080,images-grouped,0.0,0.0,0,0
Full,flat,3840x2160,images-final-4k,0.0,0.0,0,0
Full,flat,1920x1080,images-grouped,0.0,0.0,0,0
Half,take,3840x2160,images-final-4k,0.5171802260159465,1.2747577080118313,46,8554266
Half,take,1920x1080,images-grouped,1.3430190650720164,6.423283661265432,65,3531545
Half,flat,3840x2160,images-final-4k,0.6539120772247943,1.446968838413066,45,11088578
Half,flat,1920x1080,images-grouped,1.6829345100308641,7.043098154578189,38,4472017
Uniform 75,take,3840x2160,images-final-4k,0.2577805507330247,0.4609842383616255,33,5080288
Uniform 75,take,1920x1080,images-reversed,0.7847444058641976,2.976594007201646,63,2672901
Uniform 75,flat,3840x2160,images-final-4k,0.32622387795781893,0.5358009420010288,22,6564487
Uniform 75,flat,1920x1080,images-reversed,0.999306037808642,3.419067483281893,47,3449062
Uniform 87.5,take,3840x2160,images-final-4k,0.19784059124228395,0.3133593348122428,29,4099457
Uniform 87.5,take,1920x1080,images-reversed,0.6253189300411522,2.0993637474279834,64,2316547
Uniform 87.5,flat,3840x2160,images-final-4k,0.2503166393389918,0.36726204828960907,25,5289787
Uniform 87.5,flat,1920x1080,images-reversed,0.7989144483024692,2.442558995627572,49,2996135
P2,take,3840x2160,images-final-4k,0.12193556295010288,0.1827835246270576,34,2580100
P2,take,1920x1080,images-grouped,0.31535220550411525,0.7471432934670782,42,1360451
P2,flat,3840x2160,images-final-4k,0.15671340502829217,0.22153794528034979,47,3369290
P2,flat,1920x1080,images-grouped,0.40114856610082306,0.8829631237139918,37,1736447
P3,take,3840x2160,images-final-4k,0.060017320923353906,0.08088248296039095,34,1334239
P3,take,1920x1080,images-grouped,0.1680640753600823,0.34217158564814815,47,793073
P3,flat,3840x2160,images-final-4k,0.0754296071244856,0.09771347736625514,47,1697633
P3,flat,1920x1080,images-grouped,0.20808063271604937,0.39855291923868313,44,985465
F,take,3840x2160,images-final-4k,0.014186439043209877,0.023635866769547324,35,293704
F,take,1920x1080,images-grouped,0.029764499742798354,0.0820703125,47,125967
F,flat,3840x2160,images-final-4k,0.01956854423868313,0.031139001414609055,47,411204
F,flat,1920x1080,images-grouped,0.04066679526748971,0.1046656378600823,44,174140
Complete,take,3840x2160,images-final-4k,0.010473693094135803,0.010473693094135803,1,260619
Complete,flat,3840x2160,images-final-4k,0.013143164866255145,0.013143164866255145,1,327044
