frame,slot,case,gpu_ms,wall_ms
0,0,blur-a,11.986792000,14.504959000
0,1,blur-b,12.516750000,14.796333000
0,2,blur-fused,14.765000000,17.007625000
0,3,p3-a,20.632334000,21.906292000
0,4,p3-b,19.967000000,21.454000000
0,5,full-a,27.405542000,29.511250000
1,0,blur-b,12.753875000,14.497458000
1,1,blur-fused,14.708167000,16.964833000
1,2,p3-a,20.560209000,21.824125000
1,3,p3-b,20.644125000,21.808000000
1,4,full-a,27.051041000,28.078583000
1,5,blur-a,12.794208000,14.448292000
2,0,blur-fused,14.744875000,16.639917000
2,1,p3-a,20.495917000,22.005334000
2,2,p3-b,20.359667000,21.887916000
2,3,full-a,27.933334000,29.436333000
2,4,blur-a,12.105083000,13.443458000
2,5,blur-b,12.248541000,14.574959000
3,0,p3-a,20.297166000,21.613209000
3,1,blur-fused,14.599584000,16.725500000
3,2,blur-b,12.631167000,14.590542000
3,3,blur-a,12.046917000,13.341917000
3,4,full-a,27.216208000,29.457209000
3,5,p3-b,20.519334000,22.018250000
4,0,p3-b,19.883333000,22.047792000
4,1,p3-a,22.048000000,24.376833000
4,2,blur-fused,17.025041000,18.290458000
4,3,blur-b,12.529125000,14.734458000
4,4,blur-a,12.751584000,14.553708000
4,5,full-a,27.744167000,29.173167000
5,0,full-a,27.173833000,28.181250000
5,1,p3-b,20.077416000,21.854416000
5,2,p3-a,19.990041000,21.841375000
5,3,blur-fused,14.935166000,16.940916000
5,4,blur-b,12.492667000,14.546542000
5,5,blur-a,12.064250000,13.251583000
6,0,blur-a,12.626834000,14.486334000
6,1,full-a,27.114083000,29.485625000
6,2,p3-b,20.876291000,22.220125000
6,3,p3-a,20.379459000,21.945458000
6,4,blur-fused,14.693833000,17.044542000
6,5,blur-b,12.616375000,14.408833000
7,0,blur-b,12.383625000,14.430250000
7,1,blur-a,12.449541000,14.550042000
7,2,full-a,27.261333000,28.382667000
7,3,p3-b,20.340791000,21.964750000
7,4,p3-a,20.694542000,21.856875000
7,5,blur-fused,14.952042000,17.082333000
8,0,blur-fused,14.861375000,16.863833000
8,1,blur-b,12.289334000,14.538458000
8,2,blur-a,12.570541000,14.617375000
8,3,full-a,27.627125000,29.662000000
8,4,p3-b,20.545708000,22.003958000
8,5,p3-a,20.312541000,22.109292000
9,0,p3-a,20.422250000,21.667625000
9,1,p3-b,19.866125000,22.111375000
9,2,full-a,26.976333000,29.717667000
9,3,blur-a,12.714000000,14.974500000
9,4,blur-b,12.318208000,15.055333000
9,5,blur-fused,14.904708000,16.763292000
10,0,p3-b,20.048542000,21.908750000
10,1,full-a,27.620042000,28.874667000
10,2,blur-a,12.569333000,14.367292000
10,3,blur-b,12.629417000,14.438167000
10,4,blur-fused,15.150834000,17.105625000
10,5,p3-a,20.266834000,21.965792000
11,0,full-a,27.694417000,29.579042000
11,1,blur-a,12.294875000,14.406458000
11,2,blur-b,12.134583000,14.315917000
11,3,blur-fused,14.853542000,16.731250000
11,4,p3-a,20.357541000,22.051667000
11,5,p3-b,20.321708000,21.956041000
12,0,blur-a,12.319625000,14.723791000
12,1,blur-b,12.727583000,14.392292000
12,2,blur-fused,14.911625000,16.864750000
12,3,p3-a,20.810958000,23.248333000
12,4,p3-b,22.116834000,24.344916000
12,5,full-a,27.294167000,29.237250000
13,0,blur-b,12.328584000,14.329875000
13,1,blur-fused,15.113209000,16.592334000
13,2,p3-a,19.770375000,21.829208000
13,3,p3-b,20.585375000,21.594583000
13,4,full-a,27.718667000,29.329250000
13,5,blur-a,12.274583000,14.378792000
14,0,blur-fused,15.345584000,16.944709000
14,1,p3-a,20.217083000,21.684834000
14,2,p3-b,20.591625000,21.915791000
14,3,full-a,27.734417000,29.445291000
14,4,blur-a,12.252000000,14.344667000
14,5,blur-b,12.298875000,14.356625000
15,0,p3-a,19.844333000,22.073417000
15,1,blur-fused,14.837417000,17.029834000
15,2,blur-b,12.213167000,14.382125000
15,3,blur-a,12.563125000,14.171917000
15,4,full-a,27.729917000,29.345750000
15,5,p3-b,20.071292000,21.893833000
16,0,p3-b,20.071792000,21.836250000
16,1,p3-a,20.632375000,21.909583000
16,2,blur-fused,14.699208000,15.748625000
16,3,blur-b,12.212750000,14.628375000
16,4,blur-a,12.163625000,14.427625000
16,5,full-a,27.532875000,28.836083000
17,0,full-a,27.746417000,28.792000000
17,1,p3-b,20.301916000,21.814708000
17,2,p3-a,20.553000000,21.951042000
17,3,blur-fused,15.329292000,17.001542000
17,4,blur-b,12.363292000,14.303042000
17,5,blur-a,12.691625000,14.375875000
18,0,blur-a,12.566250000,14.286292000
18,1,full-a,27.547458000,29.207375000
18,2,p3-b,20.105958000,22.044458000
18,3,p3-a,20.189250000,23.005167000
18,4,blur-fused,14.991958000,17.087083000
18,5,blur-b,12.684208000,14.268542000
19,0,blur-b,15.390125000,16.928666000
19,1,blur-a,12.744208000,15.057958000
19,2,full-a,31.330250000,33.002792000
19,3,p3-b,23.833833000,25.925583000
19,4,p3-a,24.114459000,25.735375000
19,5,blur-fused,15.248458000,17.577166000
20,0,blur-fused,16.768916000,18.384084000
20,1,blur-b,14.093292000,15.940042000
20,2,blur-a,14.469875000,15.837750000
20,3,full-a,29.719959000,31.759291000
20,4,p3-b,20.471292000,23.061125000
20,5,p3-a,22.633959000,24.950375000
21,0,p3-a,22.389584000,25.091583000
21,1,p3-b,22.384375000,25.641500000
21,2,full-a,29.755708000,31.873750000
21,3,blur-a,12.157750000,14.606833000
21,4,blur-b,12.232583000,14.713041000
21,5,blur-fused,15.017708000,16.723500000
22,0,p3-b,20.421417000,22.902833000
22,1,full-a,26.743375000,28.403208000
22,2,blur-a,12.692208000,14.723333000
22,3,blur-b,12.483042000,14.838667000
22,4,blur-fused,14.571708000,15.778875000
22,5,p3-a,20.769750000,23.219041000
23,0,full-a,27.762833000,29.343792000
23,1,blur-a,12.251833000,15.008958000
23,2,blur-b,12.092917000,14.692625000
23,3,blur-fused,15.203250000,17.105292000
23,4,p3-a,20.773875000,22.166375000
23,5,p3-b,19.889958000,22.119625000
24,0,blur-a,12.454500000,14.720209000
24,1,blur-b,11.967959000,13.559417000
24,2,blur-fused,15.312208000,17.253250000
24,3,p3-a,20.328584000,22.115041000
24,4,p3-b,20.569958000,22.105500000
24,5,full-a,27.220917000,29.753083000
25,0,blur-b,12.584292000,14.681166000
25,1,blur-fused,15.185375000,16.945083000
25,2,p3-a,20.040791000,21.985750000
25,3,p3-b,20.214959000,21.381084000
25,4,full-a,27.759875000,29.452666000
25,5,blur-a,12.534917000,14.550500000
26,0,blur-fused,15.288542000,16.962708000
26,1,p3-a,20.560042000,22.075666000
26,2,p3-b,20.293959000,21.772000000
26,3,full-a,27.803041000,29.677875000
26,4,blur-a,12.258375000,14.461125000
26,5,blur-b,12.611833000,14.404292000
27,0,p3-a,22.804666000,24.373000000
27,1,blur-fused,15.144333000,18.029917000
27,2,blur-b,14.004167000,17.103750000
27,3,blur-a,12.371833000,14.619917000
27,4,full-a,27.085667000,28.967333000
27,5,p3-b,20.634125000,21.966750000
28,0,p3-b,20.092916000,21.853000000
28,1,p3-a,20.351750000,22.205208000
28,2,blur-fused,15.213333000,17.003584000
28,3,blur-b,12.128083000,13.649500000
28,4,blur-a,13.271833000,16.028208000
28,5,full-a,29.914792000,31.213125000
29,0,full-a,29.021500000,30.446875000
29,1,p3-b,20.304916000,22.316875000
29,2,p3-a,20.530458000,21.949500000
29,3,blur-fused,14.571791000,15.643458000
29,4,blur-b,12.366125000,14.296917000
29,5,blur-a,12.184083000,13.359041000
30,0,blur-a,12.049959000,13.102875000
30,1,full-a,27.109459000,29.647542000
30,2,p3-b,20.517042000,21.942459000
30,3,p3-a,20.599917000,22.029083000
30,4,blur-fused,15.170458000,16.842542000
30,5,blur-b,12.083291000,14.473917000
31,0,blur-b,12.017292000,14.448167000
31,1,blur-a,12.713208000,14.559167000
31,2,full-a,27.362042000,29.405333000
31,3,p3-b,20.067958000,21.916834000
31,4,p3-a,20.552958000,21.967875000
31,5,blur-fused,14.946000000,16.983166000
32,0,blur-fused,14.997792000,16.904084000
32,1,blur-b,11.995916000,13.264625000
32,2,blur-a,12.199917000,14.725292000
32,3,full-a,27.525167000,29.255167000
32,4,p3-b,20.340917000,22.085583000
32,5,p3-a,20.351750000,21.897959000
33,0,p3-a,20.379750000,22.023375000
33,1,p3-b,20.314792000,21.873792000
33,2,full-a,27.559750000,29.158083000
33,3,blur-a,12.357417000,14.648542000
33,4,blur-b,12.606792000,14.767459000
33,5,blur-fused,15.409083000,17.003958000
34,0,p3-b,20.240208000,21.787833000
34,1,full-a,27.377000000,28.659041000
34,2,blur-a,12.499083000,14.588292000
34,3,blur-b,12.408625000,14.744583000
34,4,blur-fused,14.691000000,16.977333000
34,5,p3-a,20.510708000,22.225167000
35,0,full-a,27.862167000,29.464125000
35,1,blur-a,12.035917000,13.328291000
35,2,blur-b,12.324917000,14.261834000
35,3,blur-fused,14.891167000,16.936917000
35,4,p3-a,19.895709000,22.058042000
35,5,p3-b,20.416833000,21.618500000
36,0,blur-a,12.517875000,14.084708000
36,1,blur-b,12.251750000,14.496041000
36,2,blur-fused,14.754750000,16.788541000
36,3,p3-a,20.548834000,21.916833000
36,4,p3-b,20.298125000,21.954083000
36,5,full-a,27.483833000,29.441667000
37,0,blur-b,12.375500000,14.656416000
37,1,blur-fused,16.376250000,18.585667000
37,2,p3-a,21.575042000,22.779459000
37,3,p3-b,20.068667000,21.716666000
37,4,full-a,27.316666000,29.596500000
37,5,blur-a,12.202917000,14.579875000
38,0,blur-fused,15.018834000,17.039792000
38,1,p3-a,20.154750000,21.944958000
38,2,p3-b,20.370958000,21.675541000
38,3,full-a,27.578666000,29.179042000
38,4,blur-a,12.579833000,14.548000000
38,5,blur-b,12.603000000,14.617459000
39,0,p3-a,20.193125000,21.920667000
39,1,blur-fused,15.088208000,16.868750000
39,2,blur-b,12.770500000,14.648416000
39,3,blur-a,12.459958000,14.577125000
39,4,full-a,26.981875000,28.120541000
39,5,p3-b,20.085709000,21.972792000
40,0,p3-b,20.423792000,21.951042000
40,1,p3-a,20.193791000,21.862875000
40,2,blur-fused,14.786167000,16.654708000
40,3,blur-b,12.040584000,13.294458000
40,4,blur-a,12.587000000,14.449666000
40,5,full-a,27.644125000,29.284958000
41,0,full-a,27.420167000,29.562833000
41,1,p3-b,20.085625000,21.916584000
41,2,p3-a,20.611542000,21.969750000
41,3,blur-fused,14.793667000,17.012083000
41,4,blur-b,12.467167000,14.843834000
41,5,blur-a,12.308167000,14.462875000
42,0,blur-a,12.581708000,14.599416000
42,1,full-a,27.590833000,29.025625000
42,2,p3-b,20.086625000,21.926084000
42,3,p3-a,19.701666000,22.988250000
42,4,blur-fused,14.695500000,17.033458000
42,5,blur-b,12.137917000,14.633334000
43,0,blur-b,11.881208000,13.442750000
43,1,blur-a,12.227791000,14.562750000
43,2,full-a,27.708791000,29.510542000
43,3,p3-b,20.052292000,22.198792000
43,4,p3-a,20.277500000,21.926791000
43,5,blur-fused,14.825833000,15.861291000
44,0,blur-fused,14.731000000,15.837958000
44,1,blur-b,12.284625000,14.519167000
44,2,blur-a,12.562333000,14.566417000
44,3,full-a,27.496916000,29.278083000
44,4,p3-b,20.092458000,21.976750000
44,5,p3-a,20.055500000,21.704792000
45,0,p3-a,20.548166000,22.108458000
45,1,p3-b,20.075042000,21.972333000
45,2,full-a,29.635958000,30.617708000
45,3,blur-a,14.398458000,16.845125000
45,4,blur-b,12.420958000,13.738167000
45,5,blur-fused,15.125583000,16.780875000
46,0,p3-b,20.211500000,22.006625000
46,1,full-a,26.861542000,28.258625000
46,2,blur-a,12.200417000,14.533083000
46,3,blur-b,12.372625000,14.086583000
46,4,blur-fused,15.271125000,16.773209000
46,5,p3-a,20.071584000,21.916417000
47,0,full-a,27.157292000,29.530583000
47,1,blur-a,12.372250000,14.322375000
47,2,blur-b,12.349917000,14.422292000
47,3,blur-fused,15.456042000,17.539875000
47,4,p3-a,20.293458000,21.788916000
47,5,p3-b,20.365583000,21.803917000
48,0,blur-a,12.292375000,14.446250000
48,1,blur-b,12.141292000,13.305042000
48,2,blur-fused,14.699375000,15.767708000
48,3,p3-a,20.709834000,22.899666000
48,4,p3-b,20.386625000,21.708041000
48,5,full-a,27.187209000,28.319750000
49,0,blur-b,12.090458000,13.301875000
49,1,blur-fused,14.676584000,15.772209000
49,2,p3-a,20.542375000,21.973250000
49,3,p3-b,20.506958000,21.946750000
49,4,full-a,27.513708000,29.448416000
49,5,blur-a,11.965292000,14.516041000
50,0,blur-fused,14.685791000,15.745791000
50,1,p3-a,20.483334000,21.667291000
50,2,p3-b,20.406584000,21.577625000
50,3,full-a,27.807709000,29.248250000
50,4,blur-a,11.913042000,13.344083000
50,5,blur-b,12.388333000,14.553208000
51,0,p3-a,20.384250000,22.081584000
51,1,blur-fused,15.231959000,16.897042000
51,2,blur-b,12.064750000,13.249166000
51,3,blur-a,12.783042000,14.572834000
51,4,full-a,27.003917000,29.236083000
51,5,p3-b,20.781875000,23.007125000
52,0,p3-b,22.527000000,24.105083000
52,1,p3-a,20.332500000,23.144125000
52,2,blur-fused,15.246667000,17.023084000
52,3,blur-b,14.502292000,15.892292000
52,4,blur-a,14.123833000,16.930542000
52,5,full-a,30.863708000,32.040500000
53,0,full-a,29.973708000,31.874416000
53,1,p3-b,24.020167000,25.811917000
53,2,p3-a,20.733625000,23.024709000
53,3,blur-fused,15.892208000,18.233791000
53,4,blur-b,12.308500000,14.363334000
53,5,blur-a,14.099125000,16.487209000
54,0,blur-a,14.318208000,16.137541000
54,1,full-a,29.583541000,31.367416000
54,2,p3-b,22.409000000,24.673834000
54,3,p3-a,21.839625000,23.138667000
54,4,blur-fused,16.886167000,18.304125000
54,5,blur-b,12.573750000,14.784250000
55,0,blur-b,14.513917000,16.042667000
55,1,blur-a,13.970166000,15.587958000
55,2,full-a,28.328042000,30.865916000
55,3,p3-b,26.140250000,28.939458000
55,4,p3-a,27.685583000,29.469500000
55,5,blur-fused,15.008958000,17.208833000
56,0,blur-fused,17.069792000,18.421584000
56,1,blur-b,12.396250000,14.594167000
56,2,blur-a,12.294166000,14.500292000
56,3,full-a,27.248792000,29.506792000
56,4,p3-b,20.560334000,21.930542000
56,5,p3-a,20.358958000,22.199042000
57,0,p3-a,20.356667000,21.848542000
57,1,p3-b,20.849083000,22.288917000
57,2,full-a,27.380583000,29.414125000
57,3,blur-a,11.916875000,13.153958000
57,4,blur-b,12.374708000,14.487000000
57,5,blur-fused,14.693833000,15.874416000
58,0,p3-b,20.620250000,21.999125000
58,1,full-a,27.293291000,29.475416000
58,2,blur-a,12.384959000,14.447416000
58,3,blur-b,12.275792000,14.613417000
58,4,blur-fused,14.989125000,16.977292000
58,5,p3-a,20.539583000,21.965833000
59,0,full-a,27.287292000,29.264833000
59,1,blur-a,11.938542000,13.614125000
59,2,blur-b,12.609375000,14.898917000
59,3,blur-fused,14.758459000,17.032625000
59,4,p3-a,20.616917000,21.913292000
59,5,p3-b,22.829709000,25.652917000
60,0,blur-a,12.543083000,14.646083000
60,1,blur-b,12.268042000,14.597417000
60,2,blur-fused,15.136833000,16.502292000
60,3,p3-a,20.679459000,22.854750000
60,4,p3-b,20.304375000,21.472791000
60,5,full-a,27.450625000,29.736291000
61,0,blur-b,12.590625000,14.491500000
61,1,blur-fused,14.784083000,16.832292000
61,2,p3-a,20.524917000,21.886208000
61,3,p3-b,20.086833000,21.816167000
61,4,full-a,29.892041000,32.047250000
61,5,blur-a,14.159167000,15.829417000
62,0,blur-fused,14.858750000,16.373666000
62,1,p3-a,20.482959000,22.156500000
62,2,p3-b,20.561125000,21.951917000
62,3,full-a,27.427000000,29.354292000
62,4,blur-a,12.168250000,14.651208000
62,5,blur-b,12.393666000,14.567250000
63,0,p3-a,20.467792000,21.957833000
63,1,blur-fused,15.390625000,17.050209000
63,2,blur-b,12.067667000,14.373833000
63,3,blur-a,12.175750000,14.732625000
63,4,full-a,27.083333000,28.227375000
63,5,p3-b,20.492417000,22.727333000
64,0,p3-b,20.631833000,21.861250000
64,1,p3-a,20.538750000,26.798292000
64,2,blur-fused,15.174000000,18.955583000
64,3,blur-b,12.745542000,14.591208000
64,4,blur-a,12.426791000,14.197000000
64,5,full-a,27.794542000,29.441417000
65,0,full-a,27.254542000,28.951792000
65,1,p3-b,20.048041000,21.808333000
65,2,p3-a,20.270166000,21.831834000
65,3,blur-fused,15.232708000,17.091583000
65,4,blur-b,12.325750000,14.722041000
65,5,blur-a,12.227417000,14.531875000
66,0,blur-a,11.954167000,13.678791000
66,1,full-a,27.492833000,29.699208000
66,2,p3-b,20.257000000,22.064333000
66,3,p3-a,20.316791000,21.578958000
66,4,blur-fused,15.578250000,17.373208000
66,5,blur-b,12.606834000,14.816541000
67,0,blur-b,12.838042000,14.694667000
67,1,blur-a,12.335500000,14.582084000
67,2,full-a,27.544084000,29.439167000
67,3,p3-b,20.416167000,23.003209000
67,4,p3-a,20.498583000,21.995042000
67,5,blur-fused,15.434500000,16.940375000
68,0,blur-fused,14.946292000,17.037709000
68,1,blur-b,12.820083000,14.652250000
68,2,blur-a,12.512334000,14.482042000
68,3,full-a,27.281500000,29.390500000
68,4,p3-b,20.379750000,21.963208000
68,5,p3-a,20.685375000,21.948917000
69,0,p3-a,20.582083000,23.262125000
69,1,p3-b,20.146917000,22.109375000
69,2,full-a,27.618167000,29.714333000
69,3,blur-a,12.079500000,13.280792000
69,4,blur-b,12.304458000,14.521292000
69,5,blur-fused,16.511958000,18.193750000
70,0,p3-b,22.241875000,24.479041000
70,1,full-a,27.711125000,29.187042000
70,2,blur-a,12.110583000,13.515375000
70,3,blur-b,12.218917000,14.380583000
70,4,blur-fused,15.112541000,16.994583000
70,5,p3-a,20.128042000,21.817958000
71,0,full-a,27.812916000,29.465666000
71,1,blur-a,12.326500000,14.366291000
71,2,blur-b,12.039375000,14.396333000
71,3,blur-fused,14.955417000,16.905833000
71,4,p3-a,20.591250000,21.800417000
71,5,p3-b,20.279792000,21.959750000
72,0,blur-a,12.351167000,14.587625000
72,1,blur-b,12.110833000,14.231625000
72,2,blur-fused,15.317750000,17.038375000
72,3,p3-a,20.309500000,21.516833000
72,4,p3-b,20.262416000,21.763750000
72,5,full-a,27.767458000,29.668875000
73,0,blur-b,12.005667000,14.428541000
73,1,blur-fused,14.999458000,17.111292000
73,2,p3-a,20.424042000,21.804250000
73,3,p3-b,19.879834000,21.979958000
73,4,full-a,27.570125000,29.550625000
73,5,blur-a,12.503458000,14.550750000
74,0,blur-fused,14.997750000,17.005042000
74,1,p3-a,20.775292000,21.908875000
74,2,p3-b,19.617917000,20.762959000
74,3,full-a,27.157584000,29.382291000
74,4,blur-a,12.657458000,14.755834000
74,5,blur-b,12.549458000,14.626917000
75,0,p3-a,20.764584000,21.915042000
75,1,blur-fused,14.722916000,15.766417000
75,2,blur-b,11.886375000,13.459709000
75,3,blur-a,11.873667000,13.196041000
75,4,full-a,27.436000000,29.439667000
75,5,p3-b,20.106917000,21.950041000
76,0,p3-b,20.123417000,22.013291000
76,1,p3-a,21.020375000,22.506500000
76,2,blur-fused,14.727917000,17.118542000
76,3,blur-b,12.174958000,14.674084000
76,4,blur-a,12.567958000,14.424875000
76,5,full-a,27.700375000,29.446917000
77,0,full-a,27.657500000,29.532417000
77,1,p3-b,20.289750000,21.873000000
77,2,p3-a,20.457417000,21.963125000
77,3,blur-fused,15.015625000,17.059875000
77,4,blur-b,11.924958000,14.601250000
77,5,blur-a,11.966541000,13.684083000
78,0,blur-a,11.947083000,13.412500000
78,1,full-a,27.260667000,29.517500000
78,2,p3-b,22.287958000,24.360750000
78,3,p3-a,20.364584000,21.451167000
78,4,blur-fused,14.965541000,17.171042000
78,5,blur-b,12.994083000,14.447709000
79,0,blur-b,12.358125000,14.549250000
79,1,blur-a,12.027791000,13.375125000
79,2,full-a,27.677459000,29.375083000
79,3,p3-b,20.534583000,21.836125000
79,4,p3-a,20.555125000,21.879375000
79,5,blur-fused,14.770709000,16.875042000
80,0,blur-fused,14.849000000,17.016084000
80,1,blur-b,12.268083000,14.512958000
80,2,blur-a,12.319958000,14.588917000
80,3,full-a,27.491583000,29.469459000
80,4,p3-b,20.723416000,21.960083000
80,5,p3-a,20.117500000,21.894083000
81,0,p3-a,19.626084000,20.646417000
81,1,p3-b,20.264041000,22.938333000
81,2,full-a,27.809291000,29.372542000
81,3,blur-a,12.242334000,14.240708000
81,4,blur-b,12.488042000,14.528959000
81,5,blur-fused,15.075958000,16.825667000
82,0,p3-b,20.400792000,21.785333000
82,1,full-a,27.607000000,29.334208000
82,2,blur-a,12.508291000,14.704000000
82,3,blur-b,12.349083000,14.603000000
82,4,blur-fused,14.610000000,17.031250000
82,5,p3-a,20.505750000,21.977917000
83,0,full-a,27.786625000,29.541458000
83,1,blur-a,12.126792000,14.399458000
83,2,blur-b,12.214291000,14.401042000
83,3,blur-fused,14.991084000,16.740750000
83,4,p3-a,20.622458000,21.791458000
83,5,p3-b,20.434834000,21.971250000
84,0,blur-a,12.112833000,14.670292000
84,1,blur-b,12.117375000,14.142834000
84,2,blur-fused,14.996875000,17.233292000
84,3,p3-a,20.182583000,21.299083000
84,4,p3-b,21.199500000,23.239458000
84,5,full-a,33.211041000,34.364875000
85,0,blur-b,14.125083000,16.909792000
85,1,blur-fused,16.464125000,18.566833000
85,2,p3-a,22.338167000,25.862625000
85,3,p3-b,22.155375000,24.606208000
85,4,full-a,29.686667000,31.355625000
85,5,blur-a,15.533375000,17.903583000
86,0,blur-fused,18.664791000,20.850500000
86,1,p3-a,20.167791000,22.078834000
86,2,p3-b,20.833709000,22.925709000
86,3,full-a,31.225250000,32.858750000
86,4,blur-a,13.811500000,15.869291000
86,5,blur-b,12.558750000,15.734250000
87,0,p3-a,21.999083000,23.219333000
87,1,blur-fused,14.885209000,17.058125000
87,2,blur-b,12.547458000,14.597000000
87,3,blur-a,12.437833000,14.527291000
87,4,full-a,27.457542000,29.574750000
87,5,p3-b,20.156708000,23.147625000
88,0,p3-b,20.528542000,21.985958000
88,1,p3-a,20.309750000,21.975125000
88,2,blur-fused,14.721333000,16.918167000
88,3,blur-b,11.928000000,14.346250000
88,4,blur-a,12.512834000,14.387958000
88,5,full-a,27.186541000,28.225708000
89,0,full-a,27.325584000,29.217541000
89,1,p3-b,20.351666000,22.050916000
89,2,p3-a,20.409292000,23.009834000
89,3,blur-fused,14.666875000,16.973583000
89,4,blur-b,12.528458000,14.606333000
89,5,blur-a,12.129833000,13.432209000
90,0,blur-a,12.504250000,14.681666000
90,1,full-a,27.369209000,29.623167000
90,2,p3-b,19.874041000,22.143500000
90,3,p3-a,20.507209000,22.025750000
90,4,blur-fused,14.875666000,16.942625000
90,5,blur-b,12.164541000,14.740750000
91,0,blur-b,11.962250000,13.393625000
91,1,blur-a,12.292375000,14.816375000
91,2,full-a,27.264583000,28.221834000
91,3,p3-b,20.324917000,21.913709000
91,4,p3-a,20.532333000,21.890791000
91,5,blur-fused,15.297500000,16.987584000
92,0,blur-fused,14.999041000,16.998708000
92,1,blur-b,12.063208000,13.313000000
92,2,blur-a,12.316458000,14.427500000
92,3,full-a,27.029958000,29.302500000
92,4,p3-b,20.374833000,21.567333000
92,5,p3-a,22.389459000,25.373583000
93,0,p3-a,20.308875000,21.928625000
93,1,p3-b,19.679584000,21.877917000
93,2,full-a,27.265125000,28.279584000
93,3,blur-a,12.939250000,14.706666000
93,4,blur-b,12.375459000,14.554250000
93,5,blur-fused,14.903583000,17.013000000
94,0,p3-b,20.151917000,21.928666000
94,1,full-a,27.123084000,28.290292000
94,2,blur-a,12.526084000,14.093666000
94,3,blur-b,13.051542000,14.551292000
94,4,blur-fused,17.196167000,19.469666000
94,5,p3-a,20.538417000,22.213291000
95,0,full-a,27.548042000,29.494125000
95,1,blur-a,11.875333000,14.533125000
95,2,blur-b,11.940041000,14.335042000
95,3,blur-fused,14.703125000,16.511666000
95,4,p3-a,20.310959000,22.064208000
95,5,p3-b,20.355750000,22.101375000
96,0,blur-a,11.884542000,14.719459000
96,1,blur-b,11.909291000,14.209834000
96,2,blur-fused,14.973333000,17.180417000
96,3,p3-a,20.561583000,22.036917000
96,4,p3-b,20.808208000,22.478042000
96,5,full-a,26.641041000,28.062958000
97,0,blur-b,12.011834000,14.856542000
97,1,blur-fused,14.990583000,16.964584000
97,2,p3-a,20.463083000,21.858833000
97,3,p3-b,20.586167000,21.909375000
97,4,full-a,27.764833000,29.344417000
97,5,blur-a,12.117250000,13.371625000
98,0,blur-fused,14.933959000,16.963208000
98,1,p3-a,20.182000000,22.346542000
98,2,p3-b,20.557542000,21.973250000
98,3,full-a,27.681708000,29.487083000
98,4,blur-a,12.497208000,14.352666000
98,5,blur-b,12.731583000,14.492333000
99,0,p3-a,20.036666000,21.715750000
99,1,blur-fused,15.603042000,16.918916000
99,2,blur-b,12.224375000,13.632083000
99,3,blur-a,12.805958000,14.685500000
99,4,full-a,27.169500000,28.161167000
99,5,p3-b,20.304333000,21.927750000
100,0,p3-b,20.335500000,21.872750000
100,1,p3-a,19.870667000,21.863042000
100,2,blur-fused,14.708958000,16.629000000
100,3,blur-b,12.445333000,14.464750000
100,4,blur-a,12.320417000,14.323750000
100,5,full-a,27.319500000,29.040167000
101,0,full-a,27.631458000,29.570875000
101,1,p3-b,20.206375000,21.735042000
101,2,p3-a,20.358750000,21.879083000
101,3,blur-fused,15.209584000,16.689000000
101,4,blur-b,12.362542000,14.636000000
101,5,blur-a,12.394000000,14.368208000
102,0,blur-a,12.259666000,14.821791000
102,1,full-a,27.719250000,29.554042000
102,2,p3-b,20.006208000,21.797208000
102,3,p3-a,20.299458000,22.017416000
102,4,blur-fused,14.955041000,16.885750000
102,5,blur-b,12.443834000,14.536208000
103,0,blur-b,16.063125000,18.267166000
103,1,blur-a,12.364333000,14.452958000
103,2,full-a,27.339375000,29.043875000
103,3,p3-b,20.198416000,21.881584000
103,4,p3-a,20.165333000,21.839167000
103,5,blur-fused,15.219708000,17.854500000
104,0,blur-fused,14.928500000,16.978208000
104,1,blur-b,12.180500000,13.587291000
104,2,blur-a,12.108250000,14.477291000
104,3,full-a,27.053083000,29.540583000
104,4,p3-b,20.588084000,21.742500000
104,5,p3-a,20.267500000,21.630791000
105,0,p3-a,20.552792000,22.655833000
105,1,p3-b,20.389375000,21.847209000
105,2,full-a,27.378250000,29.653667000
105,3,blur-a,12.161750000,13.428958000
105,4,blur-b,12.496125000,14.518584000
105,5,blur-fused,14.747709000,16.868458000
106,0,p3-b,20.695667000,23.089958000
106,1,full-a,27.179083000,28.202500000
106,2,blur-a,12.423458000,14.646584000
106,3,blur-b,12.266167000,14.583666000
106,4,blur-fused,15.489791000,17.122084000
106,5,p3-a,19.668542000,21.843250000
107,0,full-a,27.312167000,29.492542000
107,1,blur-a,12.586708000,14.808333000
107,2,blur-b,12.458750000,14.045250000
107,3,blur-fused,14.742167000,16.958625000
107,4,p3-a,20.158167000,22.202000000
107,5,p3-b,20.372208000,22.020458000
108,0,blur-a,12.231916000,14.336292000
108,1,blur-b,12.453541000,14.297167000
108,2,blur-fused,14.898917000,16.811875000
108,3,p3-a,20.300666000,21.465541000
108,4,p3-b,20.629333000,21.962834000
108,5,full-a,27.614000000,29.583166000
109,0,blur-b,12.358333000,14.164416000
109,1,blur-fused,15.098125000,16.663334000
109,2,p3-a,20.457208000,22.050583000
109,3,p3-b,20.531208000,21.903209000
109,4,full-a,27.086542000,28.279333000
109,5,blur-a,12.341750000,14.628500000
110,0,blur-fused,15.231959000,17.196042000
110,1,p3-a,20.808833000,23.083625000
110,2,p3-b,20.241625000,22.162542000
110,3,full-a,27.782791000,29.692958000
110,4,blur-a,12.321625000,14.573291000
110,5,blur-b,12.340542000,14.231041000
111,0,p3-a,20.755208000,22.059125000
111,1,blur-fused,14.657083000,16.022333000
111,2,blur-b,14.259834000,18.087958000
111,3,blur-a,12.358125000,14.300917000
111,4,full-a,27.867625000,29.571250000
111,5,p3-b,20.501792000,21.820458000
112,0,p3-b,20.242084000,21.797833000
112,1,p3-a,20.503000000,22.495167000
112,2,blur-fused,14.501333000,15.614791000
112,3,blur-b,12.015542000,14.576750000
112,4,blur-a,12.111625000,13.531000000
112,5,full-a,27.406250000,29.587792000
113,0,full-a,27.502375000,29.592084000
113,1,p3-b,20.569375000,21.893458000
113,2,p3-a,20.027209000,21.987417000
113,3,blur-fused,14.996458000,16.813750000
113,4,blur-b,12.274667000,14.339042000
113,5,blur-a,12.555750000,14.340875000
114,0,blur-a,12.447708000,14.306666000
114,1,full-a,27.456500000,29.234250000
114,2,p3-b,20.377917000,21.761000000
114,3,p3-a,20.166833000,21.673416000
114,4,blur-fused,14.865000000,17.196875000
114,5,blur-b,12.262542000,13.958375000
115,0,blur-b,12.534042000,14.295958000
115,1,blur-a,11.952000000,14.662667000
115,2,full-a,27.886834000,29.597916000
115,3,p3-b,20.606000000,21.852208000
115,4,p3-a,20.233000000,21.990541000
115,5,blur-fused,14.960542000,17.132042000
116,0,blur-fused,14.678208000,16.782208000
116,1,blur-b,12.075625000,14.230000000
116,2,blur-a,12.259917000,14.508458000
116,3,full-a,27.047292000,28.125458000
116,4,p3-b,20.382084000,21.825541000
116,5,p3-a,19.898291000,22.116250000
117,0,p3-a,20.272833000,21.764959000
117,1,p3-b,20.594250000,21.999750000
117,2,full-a,27.648750000,29.588833000
117,3,blur-a,14.347875000,17.161166000
117,4,blur-b,12.836292000,14.615000000
117,5,blur-fused,16.836459000,18.119542000
118,0,p3-b,21.956250000,24.449084000
118,1,full-a,29.710958000,31.904958000
118,2,blur-a,15.888583000,18.634833000
118,3,blur-b,12.324375000,14.418250000
118,4,blur-fused,17.237750000,20.847792000
118,5,p3-a,20.536000000,24.398250000
119,0,full-a,31.714875000,33.264959000
119,1,blur-a,14.172500000,15.830250000
119,2,blur-b,14.097667000,15.991500000
119,3,blur-fused,16.489083000,21.523917000
119,4,p3-a,20.404375000,22.428250000
119,5,p3-b,22.216583000,24.166875000
120,0,blur-a,15.720625000,18.379875000
120,1,blur-b,12.400750000,14.630708000
120,2,blur-fused,16.392792000,18.255792000
120,3,p3-a,20.150958000,21.882209000
120,4,p3-b,20.257750000,21.723458000
120,5,full-a,27.539041000,29.328291000
121,0,blur-b,11.868709000,13.168000000
121,1,blur-fused,14.931417000,17.067750000
121,2,p3-a,20.545583000,21.971541000
121,3,p3-b,20.351459000,21.950708000
121,4,full-a,27.499375000,29.510750000
121,5,blur-a,12.205000000,14.503250000
122,0,blur-fused,14.992917000,16.988083000
122,1,p3-a,20.396458000,21.863792000
122,2,p3-b,20.588417000,23.207334000
122,3,full-a,27.217875000,28.185875000
122,4,blur-a,12.416792000,14.800458000
122,5,blur-b,12.516375000,14.509959000
123,0,p3-a,20.351625000,21.834125000
123,1,blur-fused,15.044000000,16.833500000
123,2,blur-b,12.046250000,14.454208000
123,3,blur-a,12.318333000,14.541792000
123,4,full-a,27.690625000,29.972583000
123,5,p3-b,20.145333000,21.621541000
124,0,p3-b,20.258208000,21.785375000
124,1,p3-a,19.965000000,21.808083000
124,2,blur-fused,15.083875000,16.836000000
124,3,blur-b,12.114333000,13.471458000
124,4,blur-a,12.058792000,13.521292000
124,5,full-a,27.301458000,29.262000000
125,0,full-a,27.337375000,29.532167000
125,1,p3-b,20.305291000,22.071041000
125,2,p3-a,20.808584000,23.118291000
125,3,blur-fused,14.735458000,17.200166000
125,4,blur-b,14.518125000,17.171208000
125,5,blur-a,12.451750000,14.508667000
126,0,blur-a,12.253500000,14.555791000
126,1,full-a,26.856750000,28.148583000
126,2,p3-b,19.947208000,21.662833000
126,3,p3-a,20.769041000,22.716292000
126,4,blur-fused,14.881291000,16.717167000
126,5,blur-b,12.199875000,14.398375000
127,0,blur-b,11.883417000,13.347917000
127,1,blur-a,12.180750000,13.431792000
127,2,full-a,27.089500000,29.357666000
127,3,p3-b,20.375167000,22.059833000
127,4,p3-a,22.095083000,24.419875000
127,5,blur-fused,14.882792000,16.803708000
128,0,blur-fused,15.017417000,16.986959000
128,1,blur-b,11.923709000,14.642958000
128,2,blur-a,11.923417000,14.495375000
128,3,full-a,27.740042000,29.539000000
128,4,p3-b,20.282375000,22.051792000
128,5,p3-a,20.567041000,21.584500000
129,0,p3-a,20.139375000,21.769917000
129,1,p3-b,19.750083000,21.940708000
129,2,full-a,26.876708000,29.570167000
129,3,blur-a,12.857166000,14.584833000
129,4,blur-b,12.493417000,14.644000000
129,5,blur-fused,15.061833000,17.082750000
130,0,p3-b,20.175375000,21.974833000
130,1,full-a,27.593667000,29.485458000
130,2,blur-a,12.551750000,14.720917000
130,3,blur-b,12.135416000,14.567458000
130,4,blur-fused,15.080208000,17.263125000
130,5,p3-a,20.304625000,22.090333000
131,0,full-a,27.886458000,29.795917000
131,1,blur-a,11.894791000,13.803125000
131,2,blur-b,12.135125000,14.915208000
131,3,blur-fused,14.702458000,16.832166000
131,4,p3-a,20.306583000,21.855417000
131,5,p3-b,20.360834000,21.880625000
132,0,blur-a,12.080667000,14.710333000
132,1,blur-b,11.950375000,13.586875000
132,2,blur-fused,14.687250000,17.202041000
132,3,p3-a,20.383375000,21.834625000
132,4,p3-b,19.990958000,21.911833000
132,5,full-a,26.888584000,29.544500000
133,0,blur-b,12.000042000,14.315333000
133,1,blur-fused,15.044458000,17.015292000
133,2,p3-a,20.147334000,22.091500000
133,3,p3-b,20.423584000,22.121958000
133,4,full-a,26.676500000,28.423375000
133,5,blur-a,13.019625000,14.737959000
134,0,blur-fused,15.347917000,16.985709000
134,1,p3-a,19.849500000,21.844167000
134,2,p3-b,20.476791000,22.049042000
134,3,full-a,27.535791000,29.408167000
134,4,blur-a,12.545625000,14.793042000
134,5,blur-b,12.600042000,14.624500000
135,0,p3-a,19.892084000,22.057750000
135,1,blur-fused,14.993292000,17.283500000
135,2,blur-b,12.591583000,14.426750000
135,3,blur-a,12.421500000,14.251041000
135,4,full-a,27.665542000,29.621250000
135,5,p3-b,20.074541000,21.762959000
136,0,p3-b,22.686209000,24.401958000
136,1,p3-a,20.118541000,21.143250000
136,2,blur-fused,14.762834000,16.824334000
136,3,blur-b,12.647541000,14.485416000
136,4,blur-a,12.342959000,14.407500000
136,5,full-a,27.794500000,29.180459000
137,0,full-a,27.475125000,29.468875000
137,1,p3-b,20.163708000,21.904917000
137,2,p3-a,20.247458000,21.923709000
137,3,blur-fused,15.257125000,17.008792000
137,4,blur-b,12.286625000,14.655583000
137,5,blur-a,12.222167000,13.359209000
138,0,blur-a,11.831000000,14.580000000
138,1,full-a,27.806042000,29.499750000
138,2,p3-b,20.292334000,22.296125000
138,3,p3-a,20.360667000,21.749833000
138,4,blur-fused,15.022917000,17.014542000
138,5,blur-b,12.200791000,14.356375000
139,0,blur-b,12.843250000,14.611583000
139,1,blur-a,12.350292000,14.564625000
139,2,full-a,27.596458000,29.354042000
139,3,p3-b,20.677666000,22.103292000
139,4,p3-a,19.690750000,22.040500000
139,5,blur-fused,15.352709000,16.993917000
140,0,blur-fused,14.760458000,17.106083000
140,1,blur-b,12.483708000,14.579042000
140,2,blur-a,12.339042000,14.466542000
140,3,full-a,27.540291000,29.447959000
140,4,p3-b,20.504042000,21.925208000
140,5,p3-a,20.067583000,21.867542000
141,0,p3-a,20.095458000,21.944084000
141,1,p3-b,20.360792000,21.664000000
141,2,full-a,27.205250000,29.250166000
141,3,blur-a,12.565250000,14.355125000
141,4,blur-b,12.743042000,14.462375000
141,5,blur-fused,14.748042000,17.058458000
142,0,p3-b,20.555083000,21.603583000
142,1,full-a,27.441209000,29.464959000
142,2,blur-a,12.321708000,14.038500000
142,3,blur-b,12.268000000,14.213875000
142,4,blur-fused,15.215917000,16.812959000
142,5,p3-a,20.196834000,21.824583000
143,0,full-a,27.315583000,29.313958000
143,1,blur-a,12.533042000,14.323542000
143,2,blur-b,12.292042000,14.508166000
143,3,blur-fused,15.118333000,17.066417000
143,4,p3-a,20.214333000,21.705458000
143,5,p3-b,20.339500000,21.990291000
144,0,blur-a,12.228958000,14.672083000
144,1,blur-b,12.817125000,14.515708000
144,2,blur-fused,18.669166000,20.466917000
144,3,p3-a,19.901750000,22.001458000
144,4,p3-b,20.037625000,22.071167000
144,5,full-a,27.612958000,29.305666000
145,0,blur-b,12.244250000,14.375042000
145,1,blur-fused,15.367833000,17.046625000
145,2,p3-a,19.629958000,21.801750000
145,3,p3-b,20.521792000,22.063375000
145,4,full-a,27.557959000,29.463667000
145,5,blur-a,12.356375000,14.519250000
146,0,blur-fused,15.084333000,17.172000000
146,1,p3-a,20.628042000,21.516083000
146,2,p3-b,20.290958000,21.949083000
146,3,full-a,27.529041000,29.224084000
146,4,blur-a,12.233333000,14.625375000
146,5,blur-b,11.946625000,13.225792000
147,0,p3-a,20.359333000,21.744167000
147,1,blur-fused,15.082125000,16.900958000
147,2,blur-b,12.231084000,14.404417000
147,3,blur-a,12.286167000,14.576709000
147,4,full-a,27.866375000,29.370958000
147,5,p3-b,20.044625000,21.816000000
148,0,p3-b,20.029750000,21.817208000
148,1,p3-a,20.461375000,21.919334000
148,2,blur-fused,14.894750000,17.049458000
148,3,blur-b,11.913875000,13.401792000
148,4,blur-a,11.881625000,13.421167000
148,5,full-a,27.479250000,29.442291000
149,0,full-a,27.531375000,29.570833000
149,1,p3-b,20.883875000,22.021500000
149,2,p3-a,20.290709000,21.879292000
149,3,blur-fused,15.006708000,16.826791000
149,4,blur-b,12.341750000,14.702625000
149,5,blur-a,12.875417000,14.433041000
150,0,blur-a,12.276166000,14.292209000
150,1,full-a,27.733084000,29.515000000
150,2,p3-b,20.163167000,21.852958000
150,3,p3-a,20.380416000,21.882000000
150,4,blur-fused,17.590250000,20.930792000
150,5,blur-b,15.792375000,18.163125000
151,0,blur-b,14.210916000,15.915250000
151,1,blur-a,12.431708000,14.673917000
151,2,full-a,29.628334000,31.652666000
151,3,p3-b,22.325792000,24.550416000
151,4,p3-a,22.306291000,24.255750000
151,5,blur-fused,18.706000000,20.911542000
152,0,blur-fused,16.648583000,18.057167000
152,1,blur-b,14.506750000,16.052166000
152,2,blur-a,12.554417000,14.700708000
152,3,full-a,31.062250000,34.173041000
152,4,p3-b,22.341584000,23.946458000
152,5,p3-a,24.267167000,26.397291000
153,0,p3-a,20.595083000,22.106834000
153,1,p3-b,24.378583000,26.807750000
153,2,full-a,29.883541000,32.001625000
153,3,blur-a,12.640791000,15.626375000
153,4,blur-b,13.952125000,16.950500000
153,5,blur-fused,16.198292000,18.350541000
154,0,p3-b,22.506292000,24.538667000
154,1,full-a,31.154750000,33.305792000
154,2,blur-a,14.098125000,16.877292000
154,3,blur-b,12.835000000,14.651833000
154,4,blur-fused,16.599167000,18.009666000
154,5,p3-a,20.079042000,21.912708000
155,0,full-a,27.569666000,29.362583000
155,1,blur-a,12.709625000,14.479375000
155,2,blur-b,12.086333000,13.423042000
155,3,blur-fused,15.237542000,16.895125000
155,4,p3-a,20.431125000,22.527208000
155,5,p3-b,20.365417000,22.022458000
156,0,blur-a,12.827334000,14.628584000
156,1,blur-b,12.473458000,14.772584000
156,2,blur-fused,14.888875000,17.107375000
156,3,p3-a,20.128000000,21.836167000
156,4,p3-b,20.549000000,21.758333000
156,5,full-a,27.335125000,28.349458000
157,0,blur-b,12.353667000,14.590750000
157,1,blur-fused,15.386834000,17.101750000
157,2,p3-a,20.048292000,22.050833000
157,3,p3-b,20.533667000,21.835458000
157,4,full-a,27.296375000,28.271167000
157,5,blur-a,12.184000000,14.434584000
158,0,blur-fused,15.273708000,17.080958000
158,1,p3-a,20.607958000,22.090959000
158,2,p3-b,20.298833000,21.878042000
158,3,full-a,27.594291000,29.231625000
158,4,blur-a,12.244250000,13.392958000
158,5,blur-b,12.880625000,16.097083000
159,0,p3-a,20.119250000,21.813541000
159,1,blur-fused,15.368250000,17.180167000
159,2,blur-b,12.137459000,13.550792000
159,3,blur-a,12.475042000,14.534500000
159,4,full-a,27.774375000,29.342000000
159,5,p3-b,20.290500000,21.963041000
160,0,p3-b,20.518917000,21.859542000
160,1,p3-a,20.590208000,21.977750000
160,2,blur-fused,16.585500000,18.358667000
160,3,blur-b,13.935875000,15.909375000
160,4,blur-a,12.277208000,14.397084000
160,5,full-a,27.523625000,29.071417000
161,0,full-a,27.518042000,29.230958000
161,1,p3-b,20.783083000,21.918333000
161,2,p3-a,20.121750000,21.949959000
161,3,blur-fused,15.359125000,16.827375000
161,4,blur-b,12.297042000,14.419292000
161,5,blur-a,12.781625000,14.897083000
162,0,blur-a,12.270291000,14.422458000
162,1,full-a,27.625208000,29.443417000
162,2,p3-b,20.428125000,21.987042000
162,3,p3-a,20.371791000,22.026333000
162,4,blur-fused,14.859125000,16.987875000
162,5,blur-b,12.109542000,14.586500000
163,0,blur-b,11.933000000,14.537833000
163,1,blur-a,11.866708000,13.388375000
163,2,full-a,27.460625000,29.281375000
163,3,p3-b,20.594667000,21.794250000
163,4,p3-a,20.315334000,21.953584000
163,5,blur-fused,15.374209000,16.773000000
164,0,blur-fused,14.448250000,15.744375000
164,1,blur-b,12.342458000,14.641833000
164,2,blur-a,12.245875000,14.416500000
164,3,full-a,27.606791000,29.320625000
164,4,p3-b,19.967041000,21.882375000
164,5,p3-a,19.643667000,20.852333000
165,0,p3-a,19.733750000,21.915167000
165,1,p3-b,20.596375000,22.015292000
165,2,full-a,27.062834000,28.222917000
165,3,blur-a,12.509167000,14.521000000
165,4,blur-b,12.200791000,13.331000000
165,5,blur-fused,14.787708000,17.089792000
166,0,p3-b,20.526709000,21.962458000
166,1,full-a,27.217958000,29.333750000
166,2,blur-a,12.336958000,14.559500000
166,3,blur-b,12.222375000,14.397375000
166,4,blur-fused,14.825083000,16.965291000
166,5,p3-a,20.529250000,21.807375000
167,0,full-a,27.215792000,28.282875000
167,1,blur-a,12.604833000,14.676292000
167,2,blur-b,12.434792000,14.559292000
167,3,blur-fused,15.278583000,16.846917000
167,4,p3-a,20.171834000,21.947875000
167,5,p3-b,20.329667000,21.738417000
168,0,blur-a,12.520125000,14.379167000
168,1,blur-b,12.427875000,14.358625000
168,2,blur-fused,15.266500000,17.016208000
168,3,p3-a,20.034166000,22.073167000
168,4,p3-b,20.691375000,22.060833000
168,5,full-a,31.324875000,33.349708000
169,0,blur-b,12.283000000,14.578375000
169,1,blur-fused,14.967209000,17.016583000
169,2,p3-a,20.432084000,21.943625000
169,3,p3-b,20.451917000,21.664083000
169,4,full-a,27.560083000,29.399166000
169,5,blur-a,12.233208000,14.410542000
170,0,blur-fused,14.564000000,15.646000000
170,1,p3-a,20.470084000,22.110583000
170,2,p3-b,20.412875000,21.648291000
170,3,full-a,27.555333000,29.085875000
170,4,blur-a,12.540291000,14.176292000
170,5,blur-b,12.760375000,14.060250000
171,0,p3-a,20.158000000,22.097166000
171,1,blur-fused,14.901583000,17.175209000
171,2,blur-b,12.559625000,14.699125000
171,3,blur-a,12.294417000,14.560250000
171,4,full-a,27.713500000,29.214500000
171,5,p3-b,20.391125000,22.979875000
172,0,p3-b,20.241959000,21.914167000
172,1,p3-a,20.340042000,21.807291000
172,2,blur-fused,15.542125000,16.920791000
172,3,blur-b,12.413208000,14.390125000
172,4,blur-a,12.386875000,14.522750000
172,5,full-a,27.273291000,29.502750000
173,0,full-a,27.443375000,29.413166000
173,1,p3-b,20.414041000,21.915417000
173,2,p3-a,19.877125000,21.948042000
173,3,blur-fused,14.988084000,16.946625000
173,4,blur-b,12.789292000,14.601708000
173,5,blur-a,12.101834000,13.329208000
174,0,blur-a,12.001750000,13.175750000
174,1,full-a,27.644083000,29.489542000
174,2,p3-b,20.175708000,21.856666000
174,3,p3-a,20.045834000,21.980083000
174,4,blur-fused,14.801708000,16.994083000
174,5,blur-b,12.411833000,14.606208000
175,0,blur-b,12.394375000,14.637875000
175,1,blur-a,12.144500000,14.451125000
175,2,full-a,26.769166000,29.398833000
175,3,p3-b,20.622167000,21.863750000
175,4,p3-a,20.196083000,21.968000000
175,5,blur-fused,14.946250000,17.047791000
176,0,blur-fused,14.918375000,17.013792000
176,1,blur-b,12.224208000,14.444500000
176,2,blur-a,12.285167000,14.596500000
176,3,full-a,27.561834000,29.073333000
176,4,p3-b,20.414875000,21.751458000
176,5,p3-a,20.809000000,22.030250000
177,0,p3-a,22.223000000,24.321542000
177,1,p3-b,21.741000000,23.220125000
177,2,full-a,27.558708000,29.441625000
177,3,blur-a,12.224084000,13.349708000
177,4,blur-b,12.565416000,14.607750000
177,5,blur-fused,14.685250000,16.942417000
178,0,p3-b,20.309833000,22.148000000
178,1,full-a,27.695708000,29.515417000
178,2,blur-a,12.246833000,14.567209000
178,3,blur-b,12.554166000,14.521709000
178,4,blur-fused,14.705792000,17.098209000
178,5,p3-a,20.532167000,21.686666000
179,0,full-a,27.505166000,29.107459000
179,1,blur-a,12.326917000,14.476500000
179,2,blur-b,12.330625000,14.268292000
179,3,blur-fused,14.701083000,16.856333000
179,4,p3-a,20.572542000,21.930042000
179,5,p3-b,20.430958000,22.066125000
180,0,blur-a,12.130709000,14.144708000
180,1,blur-b,11.899791000,14.714334000
180,2,blur-fused,15.002500000,17.044333000
180,3,p3-a,20.610959000,21.902583000
180,4,p3-b,20.154833000,21.989667000
180,5,full-a,27.523167000,28.729416000
181,0,blur-b,12.256958000,15.068500000
181,1,blur-fused,15.066666000,17.380000000
181,2,p3-a,20.587458000,21.859958000
181,3,p3-b,19.646583000,21.886875000
181,4,full-a,27.058500000,28.311334000
181,5,blur-a,12.694542000,14.308292000
182,0,blur-fused,14.989584000,17.038667000
182,1,p3-a,20.520041000,21.580708000
182,2,p3-b,20.734500000,21.856791000
182,3,full-a,27.020041000,28.169292000
182,4,blur-a,12.648291000,14.379167000
182,5,blur-b,12.572250000,14.778208000
183,0,p3-a,20.349625000,21.801416000
183,1,blur-fused,15.262750000,17.085958000
183,2,blur-b,12.753417000,14.519750000
183,3,blur-a,16.648250000,18.595208000
183,4,full-a,29.498833000,31.625291000
183,5,p3-b,21.807417000,23.260584000
184,0,p3-b,25.464375000,26.967542000
184,1,p3-a,20.721375000,21.707875000
184,2,blur-fused,17.049375000,19.309959000
184,3,blur-b,14.243375000,15.596042000
184,4,blur-a,13.980375000,15.681666000
184,5,full-a,29.696167000,31.425458000
185,0,full-a,33.540792000,35.943834000
185,1,p3-b,25.767959000,28.180958000
185,2,p3-a,20.697125000,21.722792000
185,3,blur-fused,17.373458000,19.182167000
185,4,blur-b,12.546167000,15.893833000
185,5,blur-a,12.783792000,14.477917000
186,0,blur-a,14.221500000,15.851250000
186,1,full-a,33.026708000,35.829834000
186,2,p3-b,20.238583000,21.973167000
186,3,p3-a,23.973291000,25.602583000
186,4,blur-fused,16.535583000,18.277209000
186,5,blur-b,12.388250000,14.626792000
187,0,blur-b,13.941958000,15.974125000
187,1,blur-a,12.601167000,15.927333000
187,2,full-a,29.045666000,30.652959000
187,3,p3-b,22.473375000,24.476792000
187,4,p3-a,20.223000000,21.849500000
187,5,blur-fused,15.227834000,16.916583000
188,0,blur-fused,14.922333000,17.040667000
188,1,blur-b,12.344625000,14.222791000
188,2,blur-a,12.281167000,14.475875000
188,3,full-a,27.364541000,29.089292000
188,4,p3-b,20.355000000,21.859417000
188,5,p3-a,20.807750000,23.068875000
189,0,p3-a,20.108083000,21.795209000
189,1,p3-b,20.518875000,21.831792000
189,2,full-a,27.274958000,29.242875000
189,3,blur-a,11.909334000,13.330375000
189,4,blur-b,12.394417000,14.645500000
189,5,blur-fused,14.950542000,16.837166000
190,0,p3-b,20.737750000,21.884500000
190,1,full-a,27.321334000,29.233541000
190,2,blur-a,11.911667000,13.453875000
190,3,blur-b,12.219042000,14.602875000
190,4,blur-fused,14.715375000,15.803000000
190,5,p3-a,20.609083000,21.924709000
191,0,full-a,27.596125000,29.558292000
191,1,blur-a,18.553000000,20.361834000
191,2,blur-b,14.417334000,16.732334000
191,3,blur-fused,18.271125000,19.718625000
191,4,p3-a,26.159584000,28.214417000
191,5,p3-b,26.268292000,29.586292000
192,0,blur-a,14.523292000,15.874917000
192,1,blur-b,12.581625000,14.558292000
192,2,blur-fused,14.784250000,16.974459000
192,3,p3-a,20.501958000,21.777917000
192,4,p3-b,20.343167000,22.065083000
192,5,full-a,27.573709000,29.427042000
193,0,blur-b,13.915625000,16.011166000
193,1,blur-fused,16.888625000,18.230541000
193,2,p3-a,20.579750000,22.852375000
193,3,p3-b,19.951125000,21.447333000
193,4,full-a,27.674791000,29.620792000
193,5,blur-a,12.062750000,13.516542000
194,0,blur-fused,15.030917000,16.991958000
194,1,p3-a,20.526000000,21.974000000
194,2,p3-b,20.304917000,22.028209000
194,3,full-a,27.671667000,28.926708000
194,4,blur-a,12.026833000,13.523750000
194,5,blur-b,12.381167000,14.703708000
195,0,p3-a,20.307042000,21.648708000
195,1,blur-fused,14.901750000,16.840208000
195,2,blur-b,12.568125000,14.332667000
195,3,blur-a,12.585917000,14.730875000
195,4,full-a,27.394083000,29.519500000
195,5,p3-b,19.997125000,22.008084000
196,0,p3-b,20.011125000,21.890833000
196,1,p3-a,20.688167000,22.018958000
196,2,blur-fused,14.682583000,16.980708000
196,3,blur-b,11.980375000,14.629416000
196,4,blur-a,12.181791000,14.623125000
196,5,full-a,27.230875000,28.229500000
197,0,full-a,27.911042000,29.127292000
197,1,p3-b,20.314542000,22.009333000
197,2,p3-a,20.320458000,21.939625000
197,3,blur-fused,14.820333000,16.790750000
197,4,blur-b,12.293875000,14.424292000
197,5,blur-a,12.809459000,14.631291000
198,0,blur-a,12.488750000,14.634500000
198,1,full-a,27.086208000,28.919917000
198,2,p3-b,20.459709000,22.933958000
198,3,p3-a,20.207792000,21.879542000
198,4,blur-fused,15.044084000,16.768292000
198,5,blur-b,11.935541000,14.334333000
199,0,blur-b,11.931958000,13.421250000
199,1,blur-a,11.968541000,13.380000000
199,2,full-a,27.803292000,29.956625000
199,3,p3-b,20.652458000,22.198333000
199,4,p3-a,20.734375000,21.733375000
199,5,blur-fused,14.971583000,16.780250000
200,0,blur-fused,14.917833000,17.011708000
200,1,blur-b,12.540584000,14.476375000
200,2,blur-a,12.252125000,14.487917000
200,3,full-a,27.510458000,29.641500000
200,4,p3-b,20.449375000,21.910167000
200,5,p3-a,20.093959000,21.950166000
201,0,p3-a,20.280333000,21.604209000
201,1,p3-b,20.378292000,21.863042000
201,2,full-a,31.227958000,33.150875000
201,3,blur-a,12.320417000,14.293917000
201,4,blur-b,12.870417000,14.583958000
201,5,blur-fused,14.769584000,16.831542000
202,0,p3-b,20.409292000,21.963125000
202,1,full-a,27.795666000,28.902958000
202,2,blur-a,12.267250000,14.213125000
202,3,blur-b,12.590542000,14.587334000
202,4,blur-fused,14.544208000,16.730958000
202,5,p3-a,20.340458000,21.922416000
203,0,full-a,27.733041000,29.442292000
203,1,blur-a,12.274375000,14.377958000
203,2,blur-b,12.251000000,14.550541000
203,3,blur-fused,14.952666000,17.089875000
203,4,p3-a,20.612417000,22.027917000
203,5,p3-b,20.830959000,23.114958000
204,0,blur-a,11.921792000,14.462292000
204,1,blur-b,12.133625000,13.542000000
204,2,blur-fused,15.068875000,17.077459000
204,3,p3-a,20.874333000,22.985333000
204,4,p3-b,23.789917000,25.496041000
204,5,full-a,27.877167000,29.035042000
205,0,blur-b,12.359209000,14.462917000
205,1,blur-fused,14.766417000,16.904333000
205,2,p3-a,20.428084000,22.536125000
205,3,p3-b,20.583750000,21.776583000
205,4,full-a,27.287459000,28.293625000
205,5,blur-a,12.313375000,14.665375000
206,0,blur-fused,14.881167000,16.671250000
206,1,p3-a,20.537667000,22.125667000
206,2,p3-b,20.539250000,21.915584000
206,3,full-a,27.243000000,29.484500000
206,4,blur-a,11.965125000,13.402416000
206,5,blur-b,11.928000000,13.344542000
207,0,p3-a,19.826042000,21.997792000
207,1,blur-fused,14.996542000,16.994542000
207,2,blur-b,12.591166000,14.085584000
207,3,blur-a,12.403375000,14.697917000
207,4,full-a,27.368875000,29.365959000
207,5,p3-b,19.693916000,22.140875000
208,0,p3-b,20.673458000,22.629333000
208,1,p3-a,20.270500000,21.881875000
208,2,blur-fused,15.334208000,16.883208000
208,3,blur-b,12.192958000,14.682750000
208,4,blur-a,12.851625000,14.719000000
208,5,full-a,27.262083000,29.338709000
209,0,full-a,27.668958000,29.133417000
209,1,p3-b,19.661125000,21.795583000
209,2,p3-a,20.330583000,23.300292000
209,3,blur-fused,16.815166000,19.920458000
209,4,blur-b,13.957250000,15.454416000
209,5,blur-a,12.618250000,14.236083000
210,0,blur-a,12.588667000,14.543083000
210,1,full-a,27.000792000,29.079958000
210,2,p3-b,20.340750000,21.624458000
210,3,p3-a,19.734584000,21.908000000
210,4,blur-fused,14.931833000,17.430584000
210,5,blur-b,12.115000000,14.907875000
211,0,blur-b,11.958833000,13.366375000
211,1,blur-a,11.934625000,13.718375000
211,2,full-a,27.283042000,29.533458000
211,3,p3-b,20.355958000,21.932042000
211,4,p3-a,20.135916000,21.878250000
211,5,blur-fused,14.500375000,15.566792000
212,0,blur-fused,14.957667000,17.121375000
212,1,blur-b,12.510166000,14.375625000
212,2,blur-a,12.301750000,14.331375000
212,3,full-a,27.679791000,29.366917000
212,4,p3-b,20.080458000,21.936417000
212,5,p3-a,19.909584000,22.095750000
213,0,p3-a,20.088334000,22.011125000
213,1,p3-b,20.264166000,22.022083000
213,2,full-a,27.721959000,29.389666000
213,3,blur-a,12.198708000,14.630250000
213,4,blur-b,11.939958000,13.421500000
213,5,blur-fused,15.235209000,16.984666000
214,0,p3-b,20.277334000,21.657417000
214,1,full-a,27.647000000,29.395708000
214,2,blur-a,11.867750000,14.564750000
214,3,blur-b,12.130708000,13.397959000
214,4,blur-fused,15.115000000,17.080209000
214,5,p3-a,20.058583000,21.915042000
215,0,full-a,27.678833000,29.378500000
215,1,blur-a,12.176250000,14.488375000
215,2,blur-b,11.966000000,13.291416000
215,3,blur-fused,14.879166000,17.025500000
215,4,p3-a,20.306209000,21.934792000
215,5,p3-b,20.622208000,21.867334000
216,0,blur-a,14.853791000,17.125583000
216,1,blur-b,12.912833000,14.853792000
216,2,blur-fused,16.468958000,19.275000000
216,3,p3-a,25.829292000,28.319833000
216,4,p3-b,24.466208000,25.900417000
216,5,full-a,29.498750000,30.890875000
217,0,blur-b,13.966583000,15.781167000
217,1,blur-fused,18.504333000,20.765625000
217,2,p3-a,22.285042000,24.339209000
217,3,p3-b,24.573042000,25.710500000
217,4,full-a,31.757000000,34.599083000
217,5,blur-a,12.299083000,14.584334000
218,0,blur-fused,16.978625000,18.884125000
218,1,p3-a,20.337958000,21.810208000
218,2,p3-b,24.137625000,25.733708000
218,3,full-a,29.428000000,31.664416000
218,4,blur-a,12.542500000,14.626833000
218,5,blur-b,12.533959000,14.602875000
219,0,p3-a,20.464250000,21.922791000
219,1,blur-fused,14.786250000,17.015958000
219,2,blur-b,12.470709000,14.336459000
219,3,blur-a,12.585458000,14.528459000
219,4,full-a,27.262958000,28.321083000
219,5,p3-b,20.291875000,21.915458000
220,0,p3-b,20.622834000,22.887125000
220,1,p3-a,20.602292000,21.891750000
220,2,blur-fused,14.951417000,16.842250000
220,3,blur-b,12.428042000,14.544375000
220,4,blur-a,11.938000000,13.294292000
220,5,full-a,27.180792000,28.184916000
221,0,full-a,27.449375000,29.359834000
221,1,p3-b,20.261959000,22.107583000
221,2,p3-a,20.392042000,22.009375000
221,3,blur-fused,15.073667000,16.922083000
221,4,blur-b,11.931417000,14.352542000
221,5,blur-a,12.663584000,14.753958000
222,0,blur-a,12.367416000,14.489042000
222,1,full-a,27.314541000,28.929791000
222,2,p3-b,20.238417000,21.849583000
222,3,p3-a,20.060292000,21.945750000
222,4,blur-fused,15.217875000,16.894167000
222,5,blur-b,12.303375000,14.594709000
223,0,blur-b,12.480875000,14.503250000
223,1,blur-a,12.097958000,13.379834000
223,2,full-a,27.508167000,29.510542000
223,3,p3-b,20.171250000,21.823000000
223,4,p3-a,20.263125000,21.913458000
223,5,blur-fused,15.268083000,16.933208000
224,0,blur-fused,14.841542000,16.791416000
224,1,blur-b,14.462167000,17.089917000
224,2,blur-a,12.449166000,14.666958000
224,3,full-a,27.697542000,29.526666000
224,4,p3-b,20.566541000,21.662792000
224,5,p3-a,20.298709000,21.663083000
225,0,p3-a,20.312333000,21.900500000
225,1,p3-b,20.349875000,21.829375000
225,2,full-a,27.571916000,29.010459000
225,3,blur-a,12.226625000,14.781333000
225,4,blur-b,12.512625000,14.457958000
225,5,blur-fused,16.611750000,18.039333000
226,0,p3-b,22.356583000,24.243083000
226,1,full-a,27.074833000,29.413417000
226,2,blur-a,12.161875000,14.427625000
226,3,blur-b,12.614250000,14.543875000
226,4,blur-fused,14.791125000,16.765375000
226,5,p3-a,20.609375000,21.934417000
227,0,full-a,27.764666000,29.019708000
227,1,blur-a,12.358500000,14.777583000
227,2,blur-b,12.226834000,14.700000000
227,3,blur-fused,14.986083000,17.065292000
227,4,p3-a,20.569125000,21.845583000
227,5,p3-b,20.017500000,21.950834000
228,0,blur-a,12.682292000,14.579750000
228,1,blur-b,12.348084000,14.466875000
228,2,blur-fused,15.062916000,17.052208000
228,3,p3-a,20.215541000,21.912917000
228,4,p3-b,20.092250000,21.624708000
228,5,full-a,27.621417000,29.411208000
229,0,blur-b,12.115125000,14.547833000
229,1,blur-fused,14.859500000,17.105542000
229,2,p3-a,20.050958000,21.583167000
229,3,p3-b,19.648875000,21.877042000
229,4,full-a,27.245333000,28.927792000
229,5,blur-a,12.634333000,14.633166000
230,0,blur-fused,14.774459000,16.998750000
230,1,p3-a,20.355500000,21.925209000
230,2,p3-b,19.617167000,20.722334000
230,3,full-a,26.941000000,28.004584000
230,4,blur-a,12.500458000,14.546875000
230,5,blur-b,12.355542000,14.624541000
231,0,p3-a,20.580791000,21.926000000
231,1,blur-fused,14.713250000,16.450333000
231,2,blur-b,12.182083000,14.479667000
231,3,blur-a,12.082833000,14.265208000
231,4,full-a,27.523875000,29.623125000
231,5,p3-b,20.823708000,21.897583000
232,0,p3-b,20.270416000,21.805916000
232,1,p3-a,21.250875000,23.231625000
232,2,blur-fused,15.030000000,17.112500000
232,3,blur-b,12.295084000,14.636333000
232,4,blur-a,12.398666000,14.495250000
232,5,full-a,27.254458000,29.510583000
233,0,full-a,27.386250000,28.384583000
233,1,p3-b,20.587917000,21.825083000
233,2,p3-a,20.222500000,22.211750000
233,3,blur-fused,14.742125000,16.782708000
233,4,blur-b,12.162417000,14.449625000
233,5,blur-a,12.116708000,13.336375000
234,0,blur-a,12.457083000,14.699125000
234,1,full-a,29.666917000,30.780041000
234,2,p3-b,22.008167000,24.455083000
234,3,p3-a,20.579917000,22.126041000
234,4,blur-fused,14.755875000,16.833625000
234,5,blur-b,12.114209000,14.545166000
235,0,blur-b,12.162958000,13.353084000
235,1,blur-a,12.356541000,14.818875000
235,2,full-a,27.481000000,29.652542000
235,3,p3-b,20.378709000,21.962792000
235,4,p3-a,20.557458000,21.913666000
235,5,blur-fused,14.731833000,17.048041000
236,0,blur-fused,15.206875000,16.648417000
236,1,blur-b,12.331459000,14.424291000
236,2,blur-a,12.577709000,14.688625000
236,3,full-a,27.021416000,29.606541000
236,4,p3-b,20.328167000,22.017541000
236,5,p3-a,20.573541000,21.957292000
237,0,p3-a,20.493625000,21.840625000
237,1,p3-b,19.642292000,21.951125000
237,2,full-a,27.894125000,29.570875000
237,3,blur-a,12.322209000,14.640042000
237,4,blur-b,12.591125000,14.654250000
237,5,blur-fused,15.179000000,17.058417000
238,0,p3-b,19.972959000,22.050375000
238,1,full-a,27.775958000,29.528458000
238,2,blur-a,12.565667000,14.513958000
238,3,blur-b,12.121042000,13.417875000
238,4,blur-fused,14.885791000,16.991209000
238,5,p3-a,20.274500000,21.894584000
239,0,full-a,27.815166000,29.240959000
239,1,blur-a,12.470375000,14.585875000
239,2,blur-b,12.500750000,14.575083000
239,3,blur-fused,14.957625000,17.014875000
239,4,p3-a,20.293042000,21.908208000
239,5,p3-b,20.535042000,21.708834000
