frame,time,checkpoint,different_bytes,max_byte_difference
0,1.000000000,cold,0,0
1,1.100000000,,0,0
2,1.200000000,,0,0
3,1.300000000,,0,0
4,1.400000000,,0,0
5,1.500000000,,0,0
6,1.600000000,,0,0
7,1.700000000,,0,0
8,1.800000000,,0,0
9,1.900000000,,0,0
10,2.000000000,,2,1
11,2.100000000,,4,1
12,2.200000000,,0,0
13,2.300000000,,1,1
14,2.400000000,,0,0
15,2.500000000,,0,0
16,2.600000000,,0,0
17,2.700000000,,0,0
18,2.800000000,,0,0
19,2.900000000,,0,0
20,3.000000000,warm,0,0
21,3.250000000,,0,0
22,3.500000000,,0,0
23,3.750000000,,0,0
24,4.000000000,,0,0
25,4.250000000,,0,0
26,4.500000000,,0,0
27,4.750000000,,0,0
28,5.000000000,,0,0
29,5.250000000,,0,0
30,5.500000000,,0,0
31,5.750000000,,0,0
32,6.000000000,life,0,0
33,37.000000000,reset,0,0
34,37.100000000,recovery,0,0
35,37.200000000,release,0,0
36,37.450000000,,0,0
37,37.700000000,,0,0
38,37.950000000,,0,0
39,38.200000000,,1,1
40,38.450000000,,1,1
41,38.700000000,,0,0
42,38.950000000,,0,0
43,39.200000000,,0,0
44,39.450000000,,0,0
45,39.700000000,,0,0
46,39.950000000,,0,0
47,40.200000000,,0,0
48,40.450000000,silent-life,0,0
