n,tapers,reading,phase,gain_bits,peak_bucket,byte,node_peak,fade
4096,1,Fold,0,0,3827,0,0.000000000,0.000000000
4096,1,Fold,1,987889386,2095,127,0.498039216,0.000000000
4096,1,Fold,2,987889387,2095,127,0.498039216,0.000000000
4096,1,Fold,3,984328010,2095,117,0.458823532,0.000000000
4096,1,Fold,4,980066128,2095,102,0.400000006,0.000000000
4096,1,Fold,5,980066127,2095,102,0.400000006,0.000000000
4096,1,Fold,6,0,3827,0,0.000000000,0.000000000
4096,1,Fold,7,0,3827,0,0.000000000,0.000000000
4096,1,Fold,8,0,3827,0,0.000000000,0.000000000
4096,1,Fold,9,0,3827,0,0.000000000,0.000000000
4096,1,Spectrum,0,0,3827,0,0.000000000,0.000000000
4096,1,Spectrum,1,987764643,2095,127,0.498039216,0.000000000
4096,1,Spectrum,2,987764644,2095,127,0.501960814,0.199999988
4096,1,Spectrum,3,984233262,2095,117,0.458823532,0.399999976
4096,1,Spectrum,4,979936623,2095,102,0.403921574,0.599999964
4096,1,Spectrum,5,979936622,2095,102,0.400000006,0.399999976
4096,1,Spectrum,6,0,3827,0,0.000000000,0.199999988
4096,1,Spectrum,7,0,3827,0,0.000000000,0.000000000
4096,1,Spectrum,8,0,3827,0,0.000000000,0.000000000
4096,1,Spectrum,9,0,3827,0,0.000000000,0.000000000
4096,3,Fold,0,0,3827,0,0.000000000,0.000000000
4096,3,Fold,1,987754085,2095,127,0.498039216,0.000000000
4096,3,Fold,2,987754086,2095,127,0.498039216,0.000000000
4096,3,Fold,3,984225242,2095,117,0.458823532,0.000000000
4096,3,Fold,4,979925662,2095,102,0.400000006,0.000000000
4096,3,Fold,5,979925661,2095,102,0.400000006,0.000000000
4096,3,Fold,6,0,3827,0,0.000000000,0.000000000
4096,3,Fold,7,0,3827,0,0.000000000,0.000000000
4096,3,Fold,8,0,3827,0,0.000000000,0.000000000
4096,3,Fold,9,0,3827,0,0.000000000,0.000000000
4096,3,Spectrum,0,0,3827,0,0.000000000,0.000000000
4096,3,Spectrum,1,987704774,2095,127,0.498039216,0.000000000
4096,3,Spectrum,2,987704775,2095,127,0.501960814,0.199999988
4096,3,Spectrum,3,984187789,2095,117,0.458823532,0.399999976
4096,3,Spectrum,4,979874470,2095,102,0.403921574,0.599999964
4096,3,Spectrum,5,979874469,2095,102,0.400000006,0.399999976
4096,3,Spectrum,6,0,3827,0,0.000000000,0.199999988
4096,3,Spectrum,7,0,3827,0,0.000000000,0.000000000
4096,3,Spectrum,8,0,3827,0,0.000000000,0.000000000
4096,3,Spectrum,9,0,3827,0,0.000000000,0.000000000
4096,5,Fold,0,0,3827,0,0.000000000,0.000000000
4096,5,Fold,1,988524012,2095,127,0.498039216,0.000000000
4096,5,Fold,2,988524013,2095,127,0.498039216,0.000000000
4096,5,Fold,3,984810036,2095,117,0.458823532,0.000000000
4096,5,Fold,4,980724983,2095,102,0.400000006,0.000000000
4096,5,Fold,5,980724982,2095,102,0.400000006,0.000000000
4096,5,Fold,6,0,3827,0,0.000000000,0.000000000
4096,5,Fold,7,0,3827,0,0.000000000,0.000000000
4096,5,Fold,8,0,3827,0,0.000000000,0.000000000
4096,5,Fold,9,0,3827,0,0.000000000,0.000000000
4096,5,Spectrum,0,0,3827,0,0.000000000,0.000000000
4096,5,Spectrum,1,987691215,2095,127,0.498039216,0.000000000
4096,5,Spectrum,2,987691216,2095,127,0.501960814,0.199999988
4096,5,Spectrum,3,984177491,2095,117,0.458823532,0.399999976
4096,5,Spectrum,4,979860395,2095,102,0.403921574,0.599999964
4096,5,Spectrum,5,979860394,2095,102,0.400000006,0.399999976
4096,5,Spectrum,6,0,3827,0,0.000000000,0.199999988
4096,5,Spectrum,7,0,3827,0,0.000000000,0.000000000
4096,5,Spectrum,8,0,3827,0,0.000000000,0.000000000
4096,5,Spectrum,9,0,3827,0,0.000000000,0.000000000
8192,1,Fold,0,0,3827,0,0.000000000,0.000000000
8192,1,Fold,1,988497137,2095,127,0.498039216,0.000000000
8192,1,Fold,2,988497138,2095,127,0.498039216,0.000000000
8192,1,Fold,3,984789623,2095,117,0.458823532,0.000000000
8192,1,Fold,4,980697080,2095,102,0.400000006,0.000000000
8192,1,Fold,5,980697079,2095,102,0.400000006,0.000000000
8192,1,Fold,6,0,3827,0,0.000000000,0.000000000
8192,1,Fold,7,0,3827,0,0.000000000,0.000000000
8192,1,Fold,8,0,3827,0,0.000000000,0.000000000
8192,1,Fold,9,0,3827,0,0.000000000,0.000000000
8192,1,Spectrum,0,0,3827,0,0.000000000,0.000000000
8192,1,Spectrum,1,988014961,2095,127,0.498039216,0.000000000
8192,1,Spectrum,2,988014962,2095,127,0.501960814,0.199999988
8192,1,Spectrum,3,984423389,2095,116,0.458823532,0.399999976
8192,1,Spectrum,4,980196497,2095,102,0.403921574,0.599999964
8192,1,Spectrum,5,980196496,2095,102,0.400000006,0.399999976
8192,1,Spectrum,6,0,3827,0,0.000000000,0.199999988
8192,1,Spectrum,7,0,3827,0,0.000000000,0.000000000
8192,1,Spectrum,8,0,3827,0,0.000000000,0.000000000
8192,1,Spectrum,9,0,3827,0,0.000000000,0.000000000
8192,3,Fold,0,0,3827,0,0.000000000,0.000000000
8192,3,Fold,1,987778937,2095,127,0.498039216,0.000000000
8192,3,Fold,2,987778938,2095,128,0.501960814,0.199999988
8192,3,Fold,3,984244118,2095,117,0.458823532,0.399999976
8192,3,Fold,4,979951460,2095,103,0.403921574,0.599999964
8192,3,Fold,5,979951459,2095,102,0.400000006,0.399999976
8192,3,Fold,6,0,3827,0,0.000000000,0.199999988
8192,3,Fold,7,0,3827,0,0.000000000,0.000000000
8192,3,Fold,8,0,3827,0,0.000000000,0.000000000
8192,3,Fold,9,0,3827,0,0.000000000,0.000000000
8192,3,Spectrum,0,0,3827,0,0.000000000,0.000000000
8192,3,Spectrum,1,987766785,2095,127,0.498039216,0.000000000
8192,3,Spectrum,2,987766786,2095,127,0.501960814,0.199999988
8192,3,Spectrum,3,984234889,2095,117,0.458823532,0.399999976
8192,3,Spectrum,4,979938848,2095,102,0.403921574,0.599999964
8192,3,Spectrum,5,979938847,2095,102,0.400000006,0.399999976
8192,3,Spectrum,6,0,3827,0,0.000000000,0.199999988
8192,3,Spectrum,7,0,3827,0,0.000000000,0.000000000
8192,3,Spectrum,8,0,3827,0,0.000000000,0.000000000
8192,3,Spectrum,9,0,3827,0,0.000000000,0.000000000
8192,5,Fold,0,0,3827,0,0.000000000,0.000000000
8192,5,Fold,1,987725676,2095,127,0.498039216,0.000000000
8192,5,Fold,2,987725677,2095,127,0.498039216,0.000000000
8192,5,Fold,3,984203665,2095,117,0.458823532,0.000000000
8192,5,Fold,4,979896170,2095,102,0.400000006,0.000000000
8192,5,Fold,5,979896169,2095,102,0.400000006,0.000000000
8192,5,Fold,6,0,3827,0,0.000000000,0.000000000
8192,5,Fold,7,0,3827,0,0.000000000,0.000000000
8192,5,Fold,8,0,3827,0,0.000000000,0.000000000
8192,5,Fold,9,0,3827,0,0.000000000,0.000000000
8192,5,Spectrum,0,0,3827,0,0.000000000,0.000000000
8192,5,Spectrum,1,987715427,2095,127,0.498039216,0.000000000
8192,5,Spectrum,2,987715428,2095,127,0.501960814,0.199999988
8192,5,Spectrum,3,984195881,2095,117,0.458823532,0.399999976
8192,5,Spectrum,4,979885531,2095,102,0.403921574,0.599999964
8192,5,Spectrum,5,979885530,2095,102,0.400000006,0.399999976
8192,5,Spectrum,6,0,3827,0,0.000000000,0.199999988
8192,5,Spectrum,7,0,3827,0,0.000000000,0.000000000
8192,5,Spectrum,8,0,3827,0,0.000000000,0.000000000
8192,5,Spectrum,9,0,3827,0,0.000000000,0.000000000
16384,1,Fold,0,0,3827,0,0.000000000,0.000000000
16384,1,Fold,1,989915711,2095,127,0.498039216,0.000000000
16384,1,Fold,2,989915712,2095,128,0.501960814,0.199999988
16384,1,Fold,3,985912638,2095,117,0.458823532,0.399999976
16384,1,Fold,4,981849597,2095,103,0.403921574,0.599999964
16384,1,Fold,5,981849596,2095,102,0.400000006,0.399999976
16384,1,Fold,6,0,3827,0,0.000000000,0.199999988
16384,1,Fold,7,0,3827,0,0.000000000,0.000000000
16384,1,Fold,8,0,3827,0,0.000000000,0.000000000
16384,1,Fold,9,0,3827,0,0.000000000,0.000000000
16384,1,Spectrum,0,0,3827,0,0.000000000,0.000000000
16384,1,Spectrum,1,989068892,2095,126,0.498039216,0.000000000
16384,1,Spectrum,2,989068893,2095,126,0.501960814,0.199999988
16384,1,Spectrum,3,985223896,2095,116,0.458823532,0.399999976
16384,1,Spectrum,4,981290661,2095,101,0.403921574,0.599999964
16384,1,Spectrum,5,981290660,2095,101,0.400000006,0.399999976
16384,1,Spectrum,6,0,3827,0,0.000000000,0.199999988
16384,1,Spectrum,7,0,3827,0,0.000000000,0.000000000
16384,1,Spectrum,8,0,3827,0,0.000000000,0.000000000
16384,1,Spectrum,9,0,3827,0,0.000000000,0.000000000
16384,3,Fold,0,0,3827,0,0.000000000,0.000000000
16384,3,Fold,1,987976520,2095,127,0.498039216,0.000000000
16384,3,Fold,2,987976521,2095,128,0.501960814,0.199999988
16384,3,Fold,3,984394192,2095,117,0.458823532,0.399999976
16384,3,Fold,4,980156590,2095,103,0.403921574,0.599999964
16384,3,Fold,5,980156589,2095,102,0.400000006,0.399999976
16384,3,Fold,6,0,3827,0,0.000000000,0.199999988
16384,3,Fold,7,0,3827,0,0.000000000,0.000000000
16384,3,Fold,8,0,3827,0,0.000000000,0.000000000
16384,3,Fold,9,0,3827,0,0.000000000,0.000000000
16384,3,Spectrum,0,0,3827,0,0.000000000,0.000000000
16384,3,Spectrum,1,987941019,2095,127,0.498039216,0.000000000
16384,3,Spectrum,2,987941020,2095,127,0.501960814,0.199999988
16384,3,Spectrum,3,984367227,2095,117,0.458823532,0.399999976
16384,3,Spectrum,4,980119733,2095,102,0.403921574,0.599999964
16384,3,Spectrum,5,980119732,2095,102,0.400000006,0.399999976
16384,3,Spectrum,6,0,3827,0,0.000000000,0.199999988
16384,3,Spectrum,7,0,3827,0,0.000000000,0.000000000
16384,3,Spectrum,8,0,3827,0,0.000000000,0.000000000
16384,3,Spectrum,9,0,3827,0,0.000000000,0.000000000
16384,5,Fold,0,0,3827,0,0.000000000,0.000000000
16384,5,Fold,1,987784973,2095,127,0.498039216,0.000000000
16384,5,Fold,2,987784974,2095,128,0.501960814,0.199999988
16384,5,Fold,3,984248704,2095,117,0.458823532,0.399999976
16384,5,Fold,4,979957730,2095,103,0.403921574,0.599999964
16384,5,Fold,5,979957729,2095,102,0.400000006,0.399999976
16384,5,Fold,6,0,3827,0,0.000000000,0.199999988
16384,5,Fold,7,0,3827,0,0.000000000,0.000000000
16384,5,Fold,8,0,3827,0,0.000000000,0.000000000
16384,5,Fold,9,0,3827,0,0.000000000,0.000000000
16384,5,Spectrum,0,0,3827,0,0.000000000,0.000000000
16384,5,Spectrum,1,987778669,2095,127,0.498039216,0.000000000
16384,5,Spectrum,2,987778670,2095,127,0.501960814,0.199999988
16384,5,Spectrum,3,984243916,2095,117,0.458823532,0.399999976
16384,5,Spectrum,4,979951189,2095,102,0.403921574,0.599999964
16384,5,Spectrum,5,979951188,2095,102,0.400000006,0.399999976
16384,5,Spectrum,6,0,3827,0,0.000000000,0.199999988
16384,5,Spectrum,7,0,3827,0,0.000000000,0.000000000
16384,5,Spectrum,8,0,3827,0,0.000000000,0.000000000
16384,5,Spectrum,9,0,3827,0,0.000000000,0.000000000
