profile,variant,phase,owner,n,mean_ns,p50_ns,p95_ns,max_ns,attempts,accepted,debug_assertions
dev,baseline,empty-source,Source00,256,1675,1459,1667,22666,,,true
dev,baseline,empty-hub16enrolled,Hub,256,13647,12417,19500,104834,,,true
dev,baseline,held64-source,Source00,256,2048,1833,3667,9167,,,true
dev,baseline,held256-hub16enrolled,Hub,256,13822,12250,26459,98541,,,true
dev,success,enrollment,Source00,16,19698,19375,23708,23708,0,0,true
dev,success,enrollment,Source01,16,11805,11209,22833,22833,0,0,true
dev,success,enrollment,Source02,16,10721,10625,13417,13417,0,0,true
dev,success,enrollment,Source03,16,10398,10167,13625,13625,0,0,true
dev,success,enrollment,Source04,16,11354,10583,21750,21750,0,0,true
dev,success,enrollment,Source05,16,10716,10209,13917,13917,0,0,true
dev,success,enrollment,Source06,16,10151,10042,11625,11625,0,0,true
dev,success,enrollment,Source07,16,10568,9792,14791,14791,0,0,true
dev,success,enrollment,Source08,16,10208,10000,15917,15917,0,0,true
dev,success,enrollment,Source09,16,10063,9875,13000,13000,0,0,true
dev,success,enrollment,Source10,16,9338,8834,13125,13125,0,0,true
dev,success,enrollment,Source11,16,8799,8584,11541,11541,0,0,true
dev,success,enrollment,Source12,16,8878,8042,21041,21041,0,0,true
dev,success,enrollment,Source13,16,7219,6833,9875,9875,0,0,true
dev,success,enrollment,Source14,16,6594,6208,11417,11417,0,0,true
dev,success,enrollment,Source15,16,6154,6042,8958,8958,0,0,true
dev,success,enrollment,Hub,16,127779,125458,155500,155500,0,0,true
dev,success,enrollment,sum16Sources+Hub,16,290443,286707,352210,352210,0,0,true
dev,success,onset256,Source00,16,23258,22792,27250,27250,304,304,true
dev,success,onset256,Source01,16,60036,55833,101333,101333,1024,1024,true
dev,success,onset256,Source02,16,64891,54583,159458,159458,1024,1024,true
dev,success,onset256,Source03,16,56081,53209,91916,91916,1024,1024,true
dev,success,onset256,Source04,16,4052,2125,26625,26625,0,0,true
dev,success,onset256,Source05,16,2820,2125,8292,8292,0,0,true
dev,success,onset256,Source06,16,2531,1917,7500,7500,0,0,true
dev,success,onset256,Source07,16,2255,1917,5459,5459,0,0,true
dev,success,onset256,Source08,16,2315,1875,5708,5708,0,0,true
dev,success,onset256,Source09,16,3125,1917,14250,14250,0,0,true
dev,success,onset256,Source10,16,2359,1834,6167,6167,0,0,true
dev,success,onset256,Source11,16,2372,1958,5917,5917,0,0,true
dev,success,onset256,Source12,16,2247,1708,5667,5667,0,0,true
dev,success,onset256,Source13,16,2331,1875,6042,6042,0,0,true
dev,success,onset256,Source14,16,4448,1584,41083,41083,0,0,true
dev,success,onset256,Source15,16,2255,1708,6083,6083,0,0,true
dev,success,onset256,Hub,16,2832864,2826917,2990750,2990750,1008,1008,true
dev,success,onset256,sum16Sources+Hub,16,3070242,3037086,3355499,3355499,4384,4384,true
dev,success,history,Source00,688,31925,29834,43125,106333,33024,33024,true
dev,success,history,Source01,688,2523,1792,5333,53417,0,0,true
dev,success,history,Source02,688,2304,1750,4958,51291,0,0,true
dev,success,history,Source03,688,2119,1750,4625,17250,0,0,true
dev,success,history,Source04,688,2002,1500,4083,110708,0,0,true
dev,success,history,Source05,688,2009,1500,4417,70292,0,0,true
dev,success,history,Source06,688,2053,1458,3875,60583,0,0,true
dev,success,history,Source07,688,1896,1458,3875,47708,0,0,true
dev,success,history,Source08,688,1748,1458,3458,24583,0,0,true
dev,success,history,Source09,688,1786,1458,3708,44500,0,0,true
dev,success,history,Source10,688,1785,1458,3667,19583,0,0,true
dev,success,history,Source11,688,1777,1458,3542,37917,0,0,true
dev,success,history,Source12,688,1879,1458,4125,50542,0,0,true
dev,success,history,Source13,688,1768,1417,3959,30708,0,0,true
dev,success,history,Source14,688,1832,1417,3666,40583,0,0,true
dev,success,history,Source15,688,1766,1417,3709,36875,0,0,true
dev,success,history,Hub,688,63815,57916,96708,221083,0,0,true
dev,success,history,sum16Sources+Hub,688,124986,111123,210499,407209,33024,33024,true
dev,success,prefix,Source00,16,3667,2375,15875,15875,16,16,true
dev,success,prefix,Source01,16,2375,1875,6500,6500,0,0,true
dev,success,prefix,Source02,16,2190,1750,5459,5459,0,0,true
dev,success,prefix,Source03,16,2276,1750,6041,6041,0,0,true
dev,success,prefix,Source04,16,2167,1500,5209,5209,0,0,true
dev,success,prefix,Source05,16,1917,1541,3959,3959,0,0,true
dev,success,prefix,Source06,16,1823,1500,3708,3708,0,0,true
dev,success,prefix,Source07,16,1828,1459,3958,3958,0,0,true
dev,success,prefix,Source08,16,1857,1459,3750,3750,0,0,true
dev,success,prefix,Source09,16,1849,1459,4000,4000,0,0,true
dev,success,prefix,Source10,16,1851,1458,3792,3792,0,0,true
dev,success,prefix,Source11,16,1820,1500,3792,3792,0,0,true
dev,success,prefix,Source12,16,2120,1500,5000,5000,0,0,true
dev,success,prefix,Source13,16,1818,1542,3708,3708,0,0,true
dev,success,prefix,Source14,16,1758,1459,3625,3625,0,0,true
dev,success,prefix,Source15,16,1766,1500,3875,3875,0,0,true
dev,success,prefix,Hub,16,44581,39083,97333,97333,0,0,true
dev,success,prefix,sum16Sources+Hub,16,77661,64833,147583,147583,16,16,true
dev,success,younger-capture,Source00,16,11008,8583,35750,35750,80,80,true
dev,success,younger-capture,Source01,16,1987,1834,3750,3750,0,0,true
dev,success,younger-capture,Source02,16,1841,1792,2375,2375,0,0,true
dev,success,younger-capture,Source03,16,1833,1750,2250,2250,0,0,true
dev,success,younger-capture,Source04,16,1576,1500,2334,2334,0,0,true
dev,success,younger-capture,Source05,16,2216,1500,12541,12541,0,0,true
dev,success,younger-capture,Source06,16,1865,1459,4416,4416,0,0,true
dev,success,younger-capture,Source07,16,1503,1458,2125,2125,0,0,true
dev,success,younger-capture,Source08,16,1492,1459,1750,1750,0,0,true
dev,success,younger-capture,Source09,16,1497,1500,1709,1709,0,0,true
dev,success,younger-capture,Source10,16,2169,1458,12333,12333,0,0,true
dev,success,younger-capture,Source11,16,1615,1459,3667,3667,0,0,true
dev,success,younger-capture,Source12,16,1552,1417,3000,3000,0,0,true
dev,success,younger-capture,Source13,16,1565,1458,3209,3209,0,0,true
dev,success,younger-capture,Source14,16,1539,1417,3167,3167,0,0,true
dev,success,younger-capture,Source15,16,1552,1417,3167,3167,0,0,true
dev,success,younger-capture,Hub,16,41302,40209,51792,51792,0,0,true
dev,success,younger-capture,sum16Sources+Hub,16,78112,73378,146961,146961,80,80,true
dev,success,old-release,Source00,16,4896,4666,7500,7500,48,48,true
dev,success,old-release,Source01,16,52792,46958,106750,106750,1024,1024,true
dev,success,old-release,Source02,16,2109,1875,3458,3458,0,0,true
dev,success,old-release,Source03,16,1927,1750,3417,3417,0,0,true
dev,success,old-release,Source04,16,1799,1541,3541,3541,0,0,true
dev,success,old-release,Source05,16,1638,1500,3208,3208,0,0,true
dev,success,old-release,Source06,16,1581,1458,3000,3000,0,0,true
dev,success,old-release,Source07,16,1550,1417,2750,2750,0,0,true
dev,success,old-release,Source08,16,1586,1459,3083,3083,0,0,true
dev,success,old-release,Source09,16,1560,1417,3000,3000,0,0,true
dev,success,old-release,Source10,16,1529,1458,2625,2625,0,0,true
dev,success,old-release,Source11,16,1477,1417,1708,1708,0,0,true
dev,success,old-release,Source12,16,9320,1500,126291,126291,0,0,true
dev,success,old-release,Source13,16,1589,1417,3750,3750,0,0,true
dev,success,old-release,Source14,16,1583,1417,3333,3333,0,0,true
dev,success,old-release,Source15,16,1578,1417,3375,3375,0,0,true
dev,success,old-release,Hub,16,966807,947500,1193458,1193458,0,0,true
dev,success,old-release,sum16Sources+Hub,16,1055320,1022960,1268793,1268793,1072,1072,true
dev,success,setup,Source00,64,116430,112334,139959,161750,32768,32768,true
dev,success,setup,Source01,64,3108,1667,8333,11417,0,0,true
dev,success,setup,Source02,64,2371,1917,4583,6875,0,0,true
dev,success,setup,Source03,64,2474,1833,5125,11167,0,0,true
dev,success,setup,Source04,64,2013,1500,4708,6083,0,0,true
dev,success,setup,Source05,64,2051,1500,5083,6167,0,0,true
dev,success,setup,Source06,64,2089,1500,5041,13792,0,0,true
dev,success,setup,Source07,64,2383,1459,4875,28000,0,0,true
dev,success,setup,Source08,64,2398,1500,5459,20083,0,0,true
dev,success,setup,Source09,64,1952,1458,3709,8667,0,0,true
dev,success,setup,Source10,64,1869,1458,3667,5875,0,0,true
dev,success,setup,Source11,64,1917,1458,3708,7208,0,0,true
dev,success,setup,Source12,64,1915,1500,4042,5959,0,0,true
dev,success,setup,Source13,64,1865,1500,3750,5292,0,0,true
dev,success,setup,Source14,64,1934,1459,4000,9459,0,0,true
dev,success,setup,Source15,64,2202,1458,4583,25542,0,0,true
dev,success,setup,Hub,64,143347,227458,266584,297125,0,0,true
dev,success,setup,sum16Sources+Hub,64,292319,358709,432458,550793,32768,32768,true
dev,success,handoff,Source00,16,16237,15667,24792,24792,656,656,true
dev,success,handoff,Source01,16,1992,1750,4750,4750,0,0,true
dev,success,handoff,Source02,16,2245,1834,4708,4708,0,0,true
dev,success,handoff,Source03,16,2234,1833,4334,4334,0,0,true
dev,success,handoff,Source04,16,1904,1584,4792,4792,0,0,true
dev,success,handoff,Source05,16,1880,1500,4875,4875,0,0,true
dev,success,handoff,Source06,16,1815,1459,4541,4541,0,0,true
dev,success,handoff,Source07,16,1854,1500,4375,4375,0,0,true
dev,success,handoff,Source08,16,1839,1458,5042,5042,0,0,true
dev,success,handoff,Source09,16,1797,1500,4333,4333,0,0,true
dev,success,handoff,Source10,16,1841,1583,4291,4291,0,0,true
dev,success,handoff,Source11,16,2604,1500,14834,14834,0,0,true
dev,success,handoff,Source12,16,1823,1459,4041,4041,0,0,true
dev,success,handoff,Source13,16,1831,1458,4250,4250,0,0,true
dev,success,handoff,Source14,16,1805,1500,4333,4333,0,0,true
dev,success,handoff,Source15,16,1752,1459,4666,4666,0,0,true
dev,success,handoff,Hub,16,48411,40833,132209,132209,0,0,true
dev,success,handoff,sum16Sources+Hub,16,93864,79917,167626,167626,656,656,true
dev,success,reporting,Source00,128,2560,1833,5333,26916,0,0,true
dev,success,reporting,Source01,128,1864,1459,3708,9375,0,0,true
dev,success,reporting,Source02,128,2433,1792,4625,24209,0,0,true
dev,success,reporting,Source03,128,2124,1792,3875,10042,0,0,true
dev,success,reporting,Source04,128,2243,1459,5083,30833,0,0,true
dev,success,reporting,Source05,128,1838,1458,3708,11291,0,0,true
dev,success,reporting,Source06,128,1823,1458,3791,11958,0,0,true
dev,success,reporting,Source07,128,1704,1458,3125,6500,0,0,true
dev,success,reporting,Source08,128,1700,1458,3084,7209,0,0,true
dev,success,reporting,Source09,128,1715,1417,2833,11708,0,0,true
dev,success,reporting,Source10,128,1917,1458,3042,21041,0,0,true
dev,success,reporting,Source11,128,1758,1459,3167,13917,0,0,true
dev,success,reporting,Source12,128,1682,1458,3042,6083,0,0,true
dev,success,reporting,Source13,128,1806,1458,3208,19375,0,0,true
dev,success,reporting,Source14,128,1662,1417,2792,6417,0,0,true
dev,success,reporting,Source15,128,1739,1458,3042,14917,0,0,true
dev,success,reporting,Hub,128,95897,39291,287250,344958,0,0,true
dev,success,reporting,sum16Sources+Hub,128,126461,65126,322041,438667,0,0,true
dev,success,cleanup,Source00,256,4107,4875,8375,29208,0,0,true
dev,success,cleanup,Source01,256,1787,1417,3042,35625,0,0,true
dev,success,cleanup,Source02,256,6899,1375,67791,87792,1072,1072,true
dev,success,cleanup,Source03,256,6107,1375,62916,82917,1072,1072,true
dev,success,cleanup,Source04,256,1636,1375,3084,7125,0,0,true
dev,success,cleanup,Source05,256,1874,1375,3167,60083,0,0,true
dev,success,cleanup,Source06,256,1600,1375,3000,6792,0,0,true
dev,success,cleanup,Source07,256,1574,1416,2666,5583,0,0,true
dev,success,cleanup,Source08,256,1600,1375,2542,12209,0,0,true
dev,success,cleanup,Source09,256,1655,1375,3375,11916,0,0,true
dev,success,cleanup,Source10,256,1576,1375,2708,6125,0,0,true
dev,success,cleanup,Source11,256,1798,1375,3125,32083,0,0,true
dev,success,cleanup,Source12,256,1706,1375,2500,34083,0,0,true
dev,success,cleanup,Source13,256,1569,1375,2334,6375,0,0,true
dev,success,cleanup,Source14,256,1582,1375,2334,7875,0,0,true
dev,success,cleanup,Source15,256,1744,1416,2417,45958,0,0,true
dev,success,cleanup,Hub,256,95885,11709,1300084,1397125,1008,1008,true
dev,success,cleanup,sum16Sources+Hub,256,134700,37292,1463002,1552918,3152,3152,true
dev,reject-repair,enrollment,Source00,16,21875,20250,44792,44792,0,0,true
dev,reject-repair,enrollment,Source01,16,11695,11167,17583,17583,0,0,true
dev,reject-repair,enrollment,Source02,16,13906,10542,51708,51708,0,0,true
dev,reject-repair,enrollment,Source03,16,11284,10625,15917,15917,0,0,true
dev,reject-repair,enrollment,Source04,16,12130,11000,29417,29417,0,0,true
dev,reject-repair,enrollment,Source05,16,10802,10583,13500,13500,0,0,true
dev,reject-repair,enrollment,Source06,16,10818,10333,13125,13125,0,0,true
dev,reject-repair,enrollment,Source07,16,10367,10334,14375,14375,0,0,true
dev,reject-repair,enrollment,Source08,16,10203,9917,13125,13125,0,0,true
dev,reject-repair,enrollment,Source09,16,11474,9667,37250,37250,0,0,true
dev,reject-repair,enrollment,Source10,16,10641,11167,17292,17292,0,0,true
dev,reject-repair,enrollment,Source11,16,12552,10333,38333,38333,0,0,true
dev,reject-repair,enrollment,Source12,16,8979,8709,14916,14916,0,0,true
dev,reject-repair,enrollment,Source13,16,8510,6750,20708,20708,0,0,true
dev,reject-repair,enrollment,Source14,16,6615,6417,9083,9083,0,0,true
dev,reject-repair,enrollment,Source15,16,12505,6167,73167,73167,0,0,true
dev,reject-repair,enrollment,Hub,16,140099,127542,277750,277750,0,0,true
dev,reject-repair,enrollment,sum16Sources+Hub,16,324456,301501,481749,481749,0,0,true
dev,reject-repair,onset256,Source00,16,27479,24000,73584,73584,304,304,true
dev,reject-repair,onset256,Source01,16,57628,55209,86375,86375,1024,1024,true
dev,reject-repair,onset256,Source02,16,55854,52375,95542,95542,1024,1024,true
dev,reject-repair,onset256,Source03,16,57271,52417,106959,106959,1024,1024,true
dev,reject-repair,onset256,Source04,16,2687,2083,5625,5625,0,0,true
dev,reject-repair,onset256,Source05,16,2578,2125,5875,5875,0,0,true
dev,reject-repair,onset256,Source06,16,2461,2125,5625,5625,0,0,true
dev,reject-repair,onset256,Source07,16,7904,1875,91959,91959,0,0,true
dev,reject-repair,onset256,Source08,16,2378,1875,5334,5334,0,0,true
dev,reject-repair,onset256,Source09,16,2248,1917,4750,4750,0,0,true
dev,reject-repair,onset256,Source10,16,2081,1750,4208,4208,0,0,true
dev,reject-repair,onset256,Source11,16,2117,1875,4250,4250,0,0,true
dev,reject-repair,onset256,Source12,16,1940,1667,3417,3417,0,0,true
dev,reject-repair,onset256,Source13,16,1977,1709,3750,3750,0,0,true
dev,reject-repair,onset256,Source14,16,2008,1500,5333,5333,0,0,true
dev,reject-repair,onset256,Source15,16,2164,1667,5209,5209,0,0,true
dev,reject-repair,onset256,Hub,16,2873172,2850333,3639833,3639833,1008,1008,true
dev,reject-repair,onset256,sum16Sources+Hub,16,3103946,3048789,3951876,3951876,4384,4384,true
dev,reject-repair,history,Source00,688,33327,29916,50084,143959,33024,33024,true
dev,reject-repair,history,Source01,688,2501,1833,5625,70500,0,0,true
dev,reject-repair,history,Source02,688,2233,1791,4458,22916,0,0,true
dev,reject-repair,history,Source03,688,2287,1750,4792,57083,0,0,true
dev,reject-repair,history,Source04,688,2137,1500,4458,41959,0,0,true
dev,reject-repair,history,Source05,688,1966,1500,4125,34041,0,0,true
dev,reject-repair,history,Source06,688,1811,1459,3750,17958,0,0,true
dev,reject-repair,history,Source07,688,1902,1458,3791,69667,0,0,true
dev,reject-repair,history,Source08,688,1829,1459,3792,30958,0,0,true
dev,reject-repair,history,Source09,688,1951,1458,3875,50792,0,0,true
dev,reject-repair,history,Source10,688,1848,1458,3833,16042,0,0,true
dev,reject-repair,history,Source11,688,1809,1458,3708,18250,0,0,true
dev,reject-repair,history,Source12,688,1833,1458,3708,30083,0,0,true
dev,reject-repair,history,Source13,688,1846,1458,3625,77208,0,0,true
dev,reject-repair,history,Source14,688,1963,1458,4041,36625,0,0,true
dev,reject-repair,history,Source15,688,1874,1458,3834,39834,0,0,true
dev,reject-repair,history,Hub,688,64936,58291,98750,190000,0,0,true
dev,reject-repair,history,sum16Sources+Hub,688,128053,112248,201794,414332,33024,33024,true
dev,reject-repair,prefix,Source00,16,3122,2500,6958,6958,16,16,true
dev,reject-repair,prefix,Source01,16,6375,1792,70667,70667,0,0,true
dev,reject-repair,prefix,Source02,16,2216,1791,4833,4833,0,0,true
dev,reject-repair,prefix,Source03,16,2164,1792,3875,3875,0,0,true
dev,reject-repair,prefix,Source04,16,1893,1542,3667,3667,0,0,true
dev,reject-repair,prefix,Source05,16,1875,1500,3875,3875,0,0,true
dev,reject-repair,prefix,Source06,16,1865,1500,3792,3792,0,0,true
dev,reject-repair,prefix,Source07,16,1844,1458,3666,3666,0,0,true
dev,reject-repair,prefix,Source08,16,1826,1500,3458,3458,0,0,true
dev,reject-repair,prefix,Source09,16,2451,1500,13167,13167,0,0,true
dev,reject-repair,prefix,Source10,16,1846,1500,3708,3708,0,0,true
dev,reject-repair,prefix,Source11,16,1849,1500,3542,3542,0,0,true
dev,reject-repair,prefix,Source12,16,1883,1500,4417,4417,0,0,true
dev,reject-repair,prefix,Source13,16,4651,1542,47750,47750,0,0,true
dev,reject-repair,prefix,Source14,16,1810,1500,3834,3834,0,0,true
dev,reject-repair,prefix,Source15,16,1792,1458,4000,4000,0,0,true
dev,reject-repair,prefix,Hub,16,41221,40166,47667,47667,0,0,true
dev,reject-repair,prefix,sum16Sources+Hub,16,80683,65793,227498,227498,16,16,true
dev,reject-repair,younger-capture,Source00,16,9175,8958,12500,12500,80,80,true
dev,reject-repair,younger-capture,Source01,16,1893,1792,2959,2959,0,0,true
dev,reject-repair,younger-capture,Source02,16,1899,1792,3250,3250,0,0,true
dev,reject-repair,younger-capture,Source03,16,2076,1750,5041,5041,0,0,true
dev,reject-repair,younger-capture,Source04,16,1633,1500,3125,3125,0,0,true
dev,reject-repair,younger-capture,Source05,16,1643,1541,3333,3333,0,0,true
dev,reject-repair,younger-capture,Source06,16,1555,1417,3125,3125,0,0,true
dev,reject-repair,younger-capture,Source07,16,1560,1458,2833,2833,0,0,true
dev,reject-repair,younger-capture,Source08,16,1568,1459,3125,3125,0,0,true
dev,reject-repair,younger-capture,Source09,16,1557,1458,3000,3000,0,0,true
dev,reject-repair,younger-capture,Source10,16,1576,1459,3000,3000,0,0,true
dev,reject-repair,younger-capture,Source11,16,1555,1458,2833,2833,0,0,true
dev,reject-repair,younger-capture,Source12,16,1560,1459,2833,2833,0,0,true
dev,reject-repair,younger-capture,Source13,16,1479,1417,1916,1916,0,0,true
dev,reject-repair,younger-capture,Source14,16,1469,1458,1625,1625,0,0,true
dev,reject-repair,younger-capture,Source15,16,1477,1459,1708,1708,0,0,true
dev,reject-repair,younger-capture,Hub,16,41255,40042,48125,48125,0,0,true
dev,reject-repair,younger-capture,sum16Sources+Hub,16,74928,73043,91499,91499,80,80,true
dev,reject-repair,old-release,Source00,16,4635,4625,5291,5291,48,48,true
dev,reject-repair,old-release,Source01,16,49258,47542,61333,61333,1024,1024,true
dev,reject-repair,old-release,Source02,16,1974,1875,3333,3333,0,0,true
dev,reject-repair,old-release,Source03,16,1794,1791,1959,1959,0,0,true
dev,reject-repair,old-release,Source04,16,1734,1583,4250,4250,0,0,true
dev,reject-repair,old-release,Source05,16,1531,1541,1917,1917,0,0,true
dev,reject-repair,old-release,Source06,16,1448,1417,1583,1583,0,0,true
dev,reject-repair,old-release,Source07,16,1472,1500,1584,1584,0,0,true
dev,reject-repair,old-release,Source08,16,1469,1458,1583,1583,0,0,true
dev,reject-repair,old-release,Source09,16,1476,1458,1667,1667,0,0,true
dev,reject-repair,old-release,Source10,16,1471,1417,1666,1666,0,0,true
dev,reject-repair,old-release,Source11,16,1432,1417,1584,1584,0,0,true
dev,reject-repair,old-release,Source12,16,1685,1458,5291,5291,0,0,true
dev,reject-repair,old-release,Source13,16,1557,1417,3375,3375,0,0,true
dev,reject-repair,old-release,Source14,16,1456,1458,1625,1625,0,0,true
dev,reject-repair,old-release,Source15,16,1450,1417,1625,1625,0,0,true
dev,reject-repair,old-release,Hub,16,958656,947291,1047083,1047083,0,0,true
dev,reject-repair,old-release,sum16Sources+Hub,16,1034499,1020288,1135831,1135831,1072,1072,true
dev,reject-repair,setup,Source00,64,116253,112708,140500,161792,32768,32768,true
dev,reject-repair,setup,Source01,64,3081,1792,7625,9958,0,0,true
dev,reject-repair,setup,Source02,64,2313,1917,4000,5875,0,0,true
dev,reject-repair,setup,Source03,64,2435,1834,4541,16542,0,0,true
dev,reject-repair,setup,Source04,64,2139,1625,5583,7041,0,0,true
dev,reject-repair,setup,Source05,64,1900,1584,3833,5250,0,0,true
dev,reject-repair,setup,Source06,64,1867,1541,3291,6791,0,0,true
dev,reject-repair,setup,Source07,64,2287,1500,4250,28000,0,0,true
dev,reject-repair,setup,Source08,64,1856,1542,3792,5708,0,0,true
dev,reject-repair,setup,Source09,64,2056,1500,3792,14417,0,0,true
dev,reject-repair,setup,Source10,64,1829,1500,3458,6583,0,0,true
dev,reject-repair,setup,Source11,64,1814,1500,3291,6500,0,0,true
dev,reject-repair,setup,Source12,64,1924,1541,3583,7417,0,0,true
dev,reject-repair,setup,Source13,64,1858,1500,3417,6792,0,0,true
dev,reject-repair,setup,Source14,64,1994,1542,3750,14833,0,0,true
dev,reject-repair,setup,Source15,64,1944,1500,3792,8750,0,0,true
dev,reject-repair,setup,Hub,64,143185,227583,268458,317209,0,0,true
dev,reject-repair,setup,sum16Sources+Hub,64,290736,359127,433584,578583,32768,32768,true
dev,reject-repair,rejection-repair,Source00,16,21724,19125,45625,45625,592,560,true
dev,reject-repair,rejection-repair,Source01,16,2036,1625,6375,6375,0,0,true
dev,reject-repair,rejection-repair,Source02,16,2320,1875,6625,6625,0,0,true
dev,reject-repair,rejection-repair,Source03,16,2917,1833,14709,14709,0,0,true
dev,reject-repair,rejection-repair,Source04,16,2099,1542,6542,6542,0,0,true
dev,reject-repair,rejection-repair,Source05,16,2419,1500,13292,13292,0,0,true
dev,reject-repair,rejection-repair,Source06,16,2401,1500,13708,13708,0,0,true
dev,reject-repair,rejection-repair,Source07,16,1992,1500,6500,6500,0,0,true
dev,reject-repair,rejection-repair,Source08,16,2344,1458,12209,12209,0,0,true
dev,reject-repair,rejection-repair,Source09,16,2466,1500,12333,12333,0,0,true
dev,reject-repair,rejection-repair,Source10,16,2401,1459,14000,14000,0,0,true
dev,reject-repair,rejection-repair,Source11,16,2344,1459,12250,12250,0,0,true
dev,reject-repair,rejection-repair,Source12,16,1964,1500,6000,6000,0,0,true
dev,reject-repair,rejection-repair,Source13,16,2000,1500,6250,6250,0,0,true
dev,reject-repair,rejection-repair,Source14,16,2305,1459,12208,12208,0,0,true
dev,reject-repair,rejection-repair,Source15,16,2013,1500,7292,7292,0,0,true
dev,reject-repair,rejection-repair,Hub,16,45682,42625,69333,69333,0,0,true
dev,reject-repair,rejection-repair,sum16Sources+Hub,16,101427,85124,254209,254209,592,560,true
dev,reject-repair,reporting,Source00,128,6155,5125,9792,31500,0,0,true
dev,reject-repair,reporting,Source01,128,1931,1500,3917,10291,0,0,true
dev,reject-repair,reporting,Source02,128,2580,1792,5417,24083,0,0,true
dev,reject-repair,reporting,Source03,128,2558,1792,3958,44875,0,0,true
dev,reject-repair,reporting,Source04,128,2201,1500,4208,46375,0,0,true
dev,reject-repair,reporting,Source05,128,1806,1458,3667,7542,0,0,true
dev,reject-repair,reporting,Source06,128,2143,1459,4958,39416,0,0,true
dev,reject-repair,reporting,Source07,128,1905,1459,3708,17875,0,0,true
dev,reject-repair,reporting,Source08,128,1966,1458,3709,20250,0,0,true
dev,reject-repair,reporting,Source09,128,1766,1458,3542,6333,0,0,true
dev,reject-repair,reporting,Source10,128,2215,1458,3167,60833,0,0,true
dev,reject-repair,reporting,Source11,128,2074,1500,5834,19709,0,0,true
dev,reject-repair,reporting,Source12,128,1749,1458,3459,6167,0,0,true
dev,reject-repair,reporting,Source13,128,2387,1458,4125,84125,0,0,true
dev,reject-repair,reporting,Source14,128,1744,1458,3625,6166,0,0,true
dev,reject-repair,reporting,Source15,128,1756,1458,3583,6625,0,0,true
dev,reject-repair,reporting,Hub,128,96804,40750,260916,402041,0,0,true
dev,reject-repair,reporting,sum16Sources+Hub,128,133739,76250,306666,445788,0,0,true
dev,reject-repair,cleanup,Source00,256,4008,4792,7959,34083,0,0,true
dev,reject-repair,cleanup,Source01,256,1737,1417,2958,24166,0,0,true
dev,reject-repair,cleanup,Source02,256,6429,1375,66125,94375,1072,1072,true
dev,reject-repair,cleanup,Source03,256,6435,1375,62958,141917,1072,1072,true
dev,reject-repair,cleanup,Source04,256,1840,1416,2875,56666,0,0,true
dev,reject-repair,cleanup,Source05,256,1851,1375,2416,44875,0,0,true
dev,reject-repair,cleanup,Source06,256,1672,1375,2959,16542,0,0,true
dev,reject-repair,cleanup,Source07,256,1677,1375,3042,19458,0,0,true
dev,reject-repair,cleanup,Source08,256,1800,1375,3125,31833,0,0,true
dev,reject-repair,cleanup,Source09,256,1562,1375,2500,5875,0,0,true
dev,reject-repair,cleanup,Source10,256,1622,1375,2791,13958,0,0,true
dev,reject-repair,cleanup,Source11,256,1612,1375,2375,28041,0,0,true
dev,reject-repair,cleanup,Source12,256,1578,1375,2542,8041,0,0,true
dev,reject-repair,cleanup,Source13,256,1594,1375,2625,15000,0,0,true
dev,reject-repair,cleanup,Source14,256,1590,1375,3083,6042,0,0,true
dev,reject-repair,cleanup,Source15,256,1539,1375,2417,6167,0,0,true
dev,reject-repair,cleanup,Hub,256,96472,11667,1280500,1542167,1008,1008,true
dev,reject-repair,cleanup,sum16Sources+Hub,256,135019,37248,1445458,1869250,3152,3152,true
release,baseline,empty-source,Source00,256,1093,875,1125,22875,,,false
release,baseline,empty-hub16enrolled,Hub,256,12609,11417,16791,59375,,,false
release,baseline,held64-source,Source00,256,1546,1292,2500,28416,,,false
release,baseline,held256-hub16enrolled,Hub,256,12551,10583,21667,73625,,,false
release,success,enrollment,Source00,16,19128,16375,60167,60167,0,0,false
release,success,enrollment,Source01,16,7349,6667,12125,12125,0,0,false
release,success,enrollment,Source02,16,7906,6708,17917,17917,0,0,false
release,success,enrollment,Source03,16,7008,6583,12833,12833,0,0,false
release,success,enrollment,Source04,16,6651,6292,9750,9750,0,0,false
release,success,enrollment,Source05,16,6753,6500,11208,11208,0,0,false
release,success,enrollment,Source06,16,6505,6208,8167,8167,0,0,false
release,success,enrollment,Source07,16,6398,6250,8000,8000,0,0,false
release,success,enrollment,Source08,16,10031,6542,60000,60000,0,0,false
release,success,enrollment,Source09,16,6547,6375,12959,12959,0,0,false
release,success,enrollment,Source10,16,6375,6000,10458,10458,0,0,false
release,success,enrollment,Source11,16,9016,5875,47667,47667,0,0,false
release,success,enrollment,Source12,16,7602,6000,26791,26791,0,0,false
release,success,enrollment,Source13,16,5919,5583,9042,9042,0,0,false
release,success,enrollment,Source14,16,5680,5125,9125,9125,0,0,false
release,success,enrollment,Source15,16,5536,5084,8958,8958,0,0,false
release,success,enrollment,Hub,16,127690,124250,186125,186125,0,0,false
release,success,enrollment,sum16Sources+Hub,16,252095,243876,376960,376960,0,0,false
release,success,onset256,Source00,16,22474,21625,35375,35375,304,304,false
release,success,onset256,Source01,16,52945,48541,117583,117583,1024,1024,false
release,success,onset256,Source02,16,50841,47917,99875,99875,1024,1024,false
release,success,onset256,Source03,16,50109,47583,84583,84583,1024,1024,false
release,success,onset256,Source04,16,1422,1375,2542,2542,0,0,false
release,success,onset256,Source05,16,1250,1250,2000,2000,0,0,false
release,success,onset256,Source06,16,1419,1250,2959,2959,0,0,false
release,success,onset256,Source07,16,1260,1208,2125,2125,0,0,false
release,success,onset256,Source08,16,1242,1208,2625,2625,0,0,false
release,success,onset256,Source09,16,1187,1083,2666,2666,0,0,false
release,success,onset256,Source10,16,1222,1167,2667,2667,0,0,false
release,success,onset256,Source11,16,1232,1125,2292,2292,0,0,false
release,success,onset256,Source12,16,1130,1083,2250,2250,0,0,false
release,success,onset256,Source13,16,1138,1041,2417,2417,0,0,false
release,success,onset256,Source14,16,1169,1042,2541,2541,0,0,false
release,success,onset256,Source15,16,1174,1042,2583,2583,0,0,false
release,success,onset256,Hub,16,2685060,2667541,3085791,3085791,1008,1008,false
release,success,onset256,sum16Sources+Hub,16,2876276,2844376,3264163,3264163,4384,4384,false
release,success,history,Source00,688,31581,29250,40791,126791,33024,33024,false
release,success,history,Source01,688,1629,1250,3375,40708,0,0,false
release,success,history,Source02,688,1612,1250,3000,76250,0,0,false
release,success,history,Source03,688,1560,1250,2958,30625,0,0,false
release,success,history,Source04,688,1246,917,2708,40334,0,0,false
release,success,history,Source05,688,1139,917,2459,27459,0,0,false
release,success,history,Source06,688,1165,875,2375,66167,0,0,false
release,success,history,Source07,688,1353,875,2542,57542,0,0,false
release,success,history,Source08,688,1120,875,2375,50250,0,0,false
release,success,history,Source09,688,1050,875,2333,12375,0,0,false
release,success,history,Source10,688,1058,875,2375,12875,0,0,false
release,success,history,Source11,688,1084,875,2375,15083,0,0,false
release,success,history,Source12,688,1058,875,2375,26041,0,0,false
release,success,history,Source13,688,1140,875,2292,74417,0,0,false
release,success,history,Source14,688,1022,875,2375,8583,0,0,false
release,success,history,Source15,688,1026,875,2541,9416,0,0,false
release,success,history,Hub,688,57537,52875,82584,207959,0,0,false
release,success,history,sum16Sources+Hub,688,107378,97502,168251,331000,33024,33024,false
release,success,prefix,Source00,16,2539,1958,4666,4666,16,16,false
release,success,prefix,Source01,16,1474,1291,2958,2958,0,0,false
release,success,prefix,Source02,16,1495,1292,2833,2833,0,0,false
release,success,prefix,Source03,16,1511,1292,3250,3250,0,0,false
release,success,prefix,Source04,16,1149,959,2708,2708,0,0,false
release,success,prefix,Source05,16,1159,959,2750,2750,0,0,false
release,success,prefix,Source06,16,1151,959,2875,2875,0,0,false
release,success,prefix,Source07,16,1089,917,2500,2500,0,0,false
release,success,prefix,Source08,16,1104,917,2625,2625,0,0,false
release,success,prefix,Source09,16,1104,958,2417,2417,0,0,false
release,success,prefix,Source10,16,3305,959,25958,25958,0,0,false
release,success,prefix,Source11,16,1169,917,3208,3208,0,0,false
release,success,prefix,Source12,16,1174,958,2417,2417,0,0,false
release,success,prefix,Source13,16,1133,959,2541,2541,0,0,false
release,success,prefix,Source14,16,1117,958,2583,2583,0,0,false
release,success,prefix,Source15,16,1135,917,2792,2792,0,0,false
release,success,prefix,Hub,16,51800,37708,142833,142833,0,0,false
release,success,prefix,sum16Sources+Hub,16,74607,57585,161833,161833,16,16,false
release,success,younger-capture,Source00,16,8604,7958,15833,15833,80,80,false
release,success,younger-capture,Source01,16,2437,1334,18333,18333,0,0,false
release,success,younger-capture,Source02,16,1466,1292,3667,3667,0,0,false
release,success,younger-capture,Source03,16,1976,1291,9083,9083,0,0,false
release,success,younger-capture,Source04,16,1081,917,3000,3000,0,0,false
release,success,younger-capture,Source05,16,1096,917,2916,2916,0,0,false
release,success,younger-capture,Source06,16,1214,958,3541,3541,0,0,false
release,success,younger-capture,Source07,16,1136,917,2667,2667,0,0,false
release,success,younger-capture,Source08,16,1091,875,2459,2459,0,0,false
release,success,younger-capture,Source09,16,1073,875,2417,2417,0,0,false
release,success,younger-capture,Source10,16,1130,917,2834,2834,0,0,false
release,success,younger-capture,Source11,16,1125,917,2709,2709,0,0,false
release,success,younger-capture,Source12,16,1466,917,8125,8125,0,0,false
release,success,younger-capture,Source13,16,1294,875,6042,6042,0,0,false
release,success,younger-capture,Source14,16,1081,875,2417,2417,0,0,false
release,success,younger-capture,Source15,16,1156,917,2625,2625,0,0,false
release,success,younger-capture,Hub,16,43890,38916,102083,102083,0,0,false
release,success,younger-capture,sum16Sources+Hub,16,72318,62290,129166,129166,80,80,false
release,success,old-release,Source00,16,5302,4709,12459,12459,48,48,false
release,success,old-release,Source01,16,43768,42208,67542,67542,1024,1024,false
release,success,old-release,Source02,16,1672,1333,3583,3583,0,0,false
release,success,old-release,Source03,16,1599,1292,3375,3375,0,0,false
release,success,old-release,Source04,16,1375,1042,3583,3583,0,0,false
release,success,old-release,Source05,16,1260,959,3083,3083,0,0,false
release,success,old-release,Source06,16,1117,958,2667,2667,0,0,false
release,success,old-release,Source07,16,1122,875,2750,2750,0,0,false
release,success,old-release,Source08,16,1138,917,2792,2792,0,0,false
release,success,old-release,Source09,16,1094,916,2625,2625,0,0,false
release,success,old-release,Source10,16,1888,917,15000,15000,0,0,false
release,success,old-release,Source11,16,1125,916,2834,2834,0,0,false
release,success,old-release,Source12,16,1143,875,3375,3375,0,0,false
release,success,old-release,Source13,16,1125,917,2958,2958,0,0,false
release,success,old-release,Source14,16,1102,916,2625,2625,0,0,false
release,success,old-release,Source15,16,1102,875,2708,2708,0,0,false
release,success,old-release,Hub,16,949896,909292,1208583,1208583,0,0,false
release,success,old-release,sum16Sources+Hub,16,1016828,984708,1270748,1270748,1072,1072,false
release,success,setup,Source00,64,109121,103917,139584,175458,32768,32768,false
release,success,setup,Source01,64,2583,1041,7625,10500,0,0,false
release,success,setup,Source02,64,1874,1416,3459,5708,0,0,false
release,success,setup,Source03,64,1773,1334,3250,3875,0,0,false
release,success,setup,Source04,64,1511,959,3083,7750,0,0,false
release,success,setup,Source05,64,1331,958,2708,2958,0,0,false
release,success,setup,Source06,64,1322,917,2667,3042,0,0,false
release,success,setup,Source07,64,1341,917,2708,3333,0,0,false
release,success,setup,Source08,64,1306,958,2750,3167,0,0,false
release,success,setup,Source09,64,1684,917,3250,14292,0,0,false
release,success,setup,Source10,64,1324,917,2834,3416,0,0,false
release,success,setup,Source11,64,1344,958,2709,3917,0,0,false
release,success,setup,Source12,64,1304,917,2625,3208,0,0,false
release,success,setup,Source13,64,1259,916,2583,3042,0,0,false
release,success,setup,Source14,64,1294,958,2666,2875,0,0,false
release,success,setup,Source15,64,1768,958,2709,30875,0,0,false
release,success,setup,Hub,64,142068,210125,281917,387291,0,0,false
release,success,setup,sum16Sources+Hub,64,274204,324251,424792,554253,32768,32768,false
release,success,handoff,Source00,16,16651,15375,30708,30708,656,656,false
release,success,handoff,Source01,16,1560,1084,3083,3083,0,0,false
release,success,handoff,Source02,16,2560,1375,13250,13250,0,0,false
release,success,handoff,Source03,16,2940,1334,18417,18417,0,0,false
release,success,handoff,Source04,16,1562,1042,2916,2916,0,0,false
release,success,handoff,Source05,16,1953,1000,9083,9083,0,0,false
release,success,handoff,Source06,16,1565,917,3792,3792,0,0,false
release,success,handoff,Source07,16,1521,958,2958,2958,0,0,false
release,success,handoff,Source08,16,1539,917,2833,2833,0,0,false
release,success,handoff,Source09,16,1450,875,2750,2750,0,0,false
release,success,handoff,Source10,16,1531,958,2792,2792,0,0,false
release,success,handoff,Source11,16,1500,958,3041,3041,0,0,false
release,success,handoff,Source12,16,1479,917,2833,2833,0,0,false
release,success,handoff,Source13,16,1521,917,2834,2834,0,0,false
release,success,handoff,Source14,16,1495,917,2708,2708,0,0,false
release,success,handoff,Source15,16,1680,958,3167,3167,0,0,false
release,success,handoff,Hub,16,50378,42416,105375,105375,0,0,false
release,success,handoff,sum16Sources+Hub,16,92885,75626,155538,155538,656,656,false
release,success,reporting,Source00,128,1557,1291,4000,5541,0,0,false
release,success,reporting,Source01,128,1330,916,2417,37958,0,0,false
release,success,reporting,Source02,128,1416,1250,2708,3584,0,0,false
release,success,reporting,Source03,128,1440,1250,2917,4083,0,0,false
release,success,reporting,Source04,128,1052,916,2541,3041,0,0,false
release,success,reporting,Source05,128,1031,875,2458,3417,0,0,false
release,success,reporting,Source06,128,1039,875,2458,3042,0,0,false
release,success,reporting,Source07,128,1025,875,2625,3292,0,0,false
release,success,reporting,Source08,128,1003,875,2375,2667,0,0,false
release,success,reporting,Source09,128,996,875,2334,2583,0,0,false
release,success,reporting,Source10,128,1132,875,2417,15750,0,0,false
release,success,reporting,Source11,128,1028,875,2416,3917,0,0,false
release,success,reporting,Source12,128,999,834,2291,2708,0,0,false
release,success,reporting,Source13,128,1004,875,2250,2583,0,0,false
release,success,reporting,Source14,128,1009,875,2375,2625,0,0,false
release,success,reporting,Source15,128,1042,875,2459,3666,0,0,false
release,success,reporting,Hub,128,87991,38959,253167,325834,0,0,false
release,success,reporting,sum16Sources+Hub,128,106096,55210,280834,343249,0,0,false
release,success,cleanup,Source00,256,3385,4209,6542,48625,0,0,false
release,success,cleanup,Source01,256,1018,834,1542,14916,0,0,false
release,success,cleanup,Source02,256,5333,792,60792,69125,1072,1072,false
release,success,cleanup,Source03,256,5522,833,57458,84459,1072,1072,false
release,success,cleanup,Source04,256,1031,833,2334,8791,0,0,false
release,success,cleanup,Source05,256,960,833,2125,8083,0,0,false
release,success,cleanup,Source06,256,962,833,2208,4750,0,0,false
release,success,cleanup,Source07,256,997,833,2167,10500,0,0,false
release,success,cleanup,Source08,256,924,833,1833,3083,0,0,false
release,success,cleanup,Source09,256,1010,833,2041,25208,0,0,false
release,success,cleanup,Source10,256,945,833,2083,7750,0,0,false
release,success,cleanup,Source11,256,986,833,2000,13583,0,0,false
release,success,cleanup,Source12,256,1046,833,2000,20417,0,0,false
release,success,cleanup,Source13,256,913,833,1708,2875,0,0,false
release,success,cleanup,Source14,256,919,833,1916,4750,0,0,false
release,success,cleanup,Source15,256,1159,833,2583,21541,0,0,false
release,success,cleanup,Hub,256,97884,11000,1287625,1666750,1008,1008,false
release,success,cleanup,sum16Sources+Hub,256,124992,27541,1426749,1800581,3152,3152,false
release,reject-repair,enrollment,Source00,16,15612,15458,17667,17667,0,0,false
release,reject-repair,enrollment,Source01,16,7010,7167,7750,7750,0,0,false
release,reject-repair,enrollment,Source02,16,6797,6458,11542,11542,0,0,false
release,reject-repair,enrollment,Source03,16,7432,6750,16292,16292,0,0,false
release,reject-repair,enrollment,Source04,16,6576,6167,10167,10167,0,0,false
release,reject-repair,enrollment,Source05,16,6276,6084,9375,9375,0,0,false
release,reject-repair,enrollment,Source06,16,8258,6292,33792,33792,0,0,false
release,reject-repair,enrollment,Source07,16,8211,6292,36083,36083,0,0,false
release,reject-repair,enrollment,Source08,16,6081,6000,7250,7250,0,0,false
release,reject-repair,enrollment,Source09,16,6000,5667,9959,9959,0,0,false
release,reject-repair,enrollment,Source10,16,7383,5583,32958,32958,0,0,false
release,reject-repair,enrollment,Source11,16,6039,5667,8250,8250,0,0,false
release,reject-repair,enrollment,Source12,16,5563,5708,6709,6709,0,0,false
release,reject-repair,enrollment,Source13,16,5656,5209,8625,8625,0,0,false
release,reject-repair,enrollment,Source14,16,5339,5083,7959,7959,0,0,false
release,reject-repair,enrollment,Source15,16,4998,5000,5584,5584,0,0,false
release,reject-repair,enrollment,Hub,16,121253,120458,133084,133084,0,0,false
release,reject-repair,enrollment,sum16Sources+Hub,16,234482,232502,280584,280584,0,0,false
release,reject-repair,onset256,Source00,16,22682,21833,33375,33375,304,304,false
release,reject-repair,onset256,Source01,16,48875,48792,52041,52041,1024,1024,false
release,reject-repair,onset256,Source02,16,47831,47666,53500,53500,1024,1024,false
release,reject-repair,onset256,Source03,16,48646,46625,74625,74625,1024,1024,false
release,reject-repair,onset256,Source04,16,1375,1291,2000,2000,0,0,false
release,reject-repair,onset256,Source05,16,1258,1209,1834,1834,0,0,false
release,reject-repair,onset256,Source06,16,1164,1208,1292,1292,0,0,false
release,reject-repair,onset256,Source07,16,1172,1166,1458,1458,0,0,false
release,reject-repair,onset256,Source08,16,1133,1084,1375,1375,0,0,false
release,reject-repair,onset256,Source09,16,1052,1042,1292,1292,0,0,false
release,reject-repair,onset256,Source10,16,1086,1083,1333,1333,0,0,false
release,reject-repair,onset256,Source11,16,1229,1208,1625,1625,0,0,false
release,reject-repair,onset256,Source12,16,1659,1000,11042,11042,0,0,false
release,reject-repair,onset256,Source13,16,1047,1000,1208,1208,0,0,false
release,reject-repair,onset256,Source14,16,1063,1042,1250,1250,0,0,false
release,reject-repair,onset256,Source15,16,1063,1042,1250,1250,0,0,false
release,reject-repair,onset256,Hub,16,2713714,2705417,2866500,2866500,1008,1008,false
release,reject-repair,onset256,sum16Sources+Hub,16,2896046,2883165,3043504,3043504,4384,4384,false
release,reject-repair,history,Source00,688,31939,29125,45583,166083,33024,33024,false
release,reject-repair,history,Source01,688,1603,1250,3125,37291,0,0,false
release,reject-repair,history,Source02,688,1458,1250,3000,11333,0,0,false
release,reject-repair,history,Source03,688,1479,1250,2959,21667,0,0,false
release,reject-repair,history,Source04,688,1185,917,2625,37125,0,0,false
release,reject-repair,history,Source05,688,1099,917,2500,16292,0,0,false
release,reject-repair,history,Source06,688,1079,875,2459,17958,0,0,false
release,reject-repair,history,Source07,688,1203,875,2459,25916,0,0,false
release,reject-repair,history,Source08,688,1056,875,2417,15375,0,0,false
release,reject-repair,history,Source09,688,1012,875,2375,4833,0,0,false
release,reject-repair,history,Source10,688,1057,875,2417,13917,0,0,false
release,reject-repair,history,Source11,688,1154,875,2458,39458,0,0,false
release,reject-repair,history,Source12,688,1060,875,2416,13666,0,0,false
release,reject-repair,history,Source13,688,1028,875,2375,13208,0,0,false
release,reject-repair,history,Source14,688,1045,875,2333,22875,0,0,false
release,reject-repair,history,Source15,688,1078,875,2625,22250,0,0,false
release,reject-repair,history,Hub,688,57810,52834,82333,243292,0,0,false
release,reject-repair,history,sum16Sources+Hub,688,107346,97250,161460,328462,33024,33024,false
release,reject-repair,prefix,Source00,16,3018,1917,8208,8208,16,16,false
release,reject-repair,prefix,Source01,16,1544,1292,3084,3084,0,0,false
release,reject-repair,prefix,Source02,16,1526,1333,3083,3083,0,0,false
release,reject-repair,prefix,Source03,16,1581,1417,3292,3292,0,0,false
release,reject-repair,prefix,Source04,16,1237,1041,2875,2875,0,0,false
release,reject-repair,prefix,Source05,16,1203,1000,3083,3083,0,0,false
release,reject-repair,prefix,Source06,16,1159,959,2875,2875,0,0,false
release,reject-repair,prefix,Source07,16,1141,959,2541,2541,0,0,false
release,reject-repair,prefix,Source08,16,1146,959,2542,2542,0,0,false
release,reject-repair,prefix,Source09,16,1427,1000,4208,4208,0,0,false
release,reject-repair,prefix,Source10,16,1128,958,2542,2542,0,0,false
release,reject-repair,prefix,Source11,16,1088,958,2333,2333,0,0,false
release,reject-repair,prefix,Source12,16,1047,958,2500,2500,0,0,false
release,reject-repair,prefix,Source13,16,1021,958,2042,2042,0,0,false
release,reject-repair,prefix,Source14,16,1310,1000,5208,5208,0,0,false
release,reject-repair,prefix,Source15,16,1284,958,4917,4917,0,0,false
release,reject-repair,prefix,Hub,16,46870,39292,87541,87541,0,0,false
release,reject-repair,prefix,sum16Sources+Hub,16,68729,59543,119917,119917,16,16,false
release,reject-repair,younger-capture,Source00,16,8552,8250,12208,12208,80,80,false
release,reject-repair,younger-capture,Source01,16,1750,1333,4875,4875,0,0,false
release,reject-repair,younger-capture,Source02,16,1466,1250,2709,2709,0,0,false
release,reject-repair,younger-capture,Source03,16,1446,1292,2917,2917,0,0,false
release,reject-repair,younger-capture,Source04,16,1414,917,5083,5083,0,0,false
release,reject-repair,younger-capture,Source05,16,1346,917,4375,4375,0,0,false
release,reject-repair,younger-capture,Source06,16,1102,917,2375,2375,0,0,false
release,reject-repair,younger-capture,Source07,16,1114,916,2500,2500,0,0,false
release,reject-repair,younger-capture,Source08,16,1094,875,2458,2458,0,0,false
release,reject-repair,younger-capture,Source09,16,1083,917,2209,2209,0,0,false
release,reject-repair,younger-capture,Source10,16,1081,875,2250,2250,0,0,false
release,reject-repair,younger-capture,Source11,16,1076,875,2334,2334,0,0,false
release,reject-repair,younger-capture,Source12,16,1073,875,2375,2375,0,0,false
release,reject-repair,younger-capture,Source13,16,1070,875,2417,2417,0,0,false
release,reject-repair,younger-capture,Source14,16,1068,875,2417,2417,0,0,false
release,reject-repair,younger-capture,Source15,16,1075,917,2333,2333,0,0,false
release,reject-repair,younger-capture,Hub,16,40229,38833,48167,48167,0,0,false
release,reject-repair,younger-capture,sum16Sources+Hub,16,67039,63290,94294,94294,80,80,false
release,reject-repair,old-release,Source00,16,6109,5250,14000,14000,48,48,false
release,reject-repair,old-release,Source01,16,44810,43167,58625,58625,1024,1024,false
release,reject-repair,old-release,Source02,16,1438,1334,2500,2500,0,0,false
release,reject-repair,old-release,Source03,16,1302,1333,1417,1417,0,0,false
release,reject-repair,old-release,Source04,16,1560,1042,9167,9167,0,0,false
release,reject-repair,old-release,Source05,16,940,917,1042,1042,0,0,false
release,reject-repair,old-release,Source06,16,1174,916,4834,4834,0,0,false
release,reject-repair,old-release,Source07,16,914,875,1209,1209,0,0,false
release,reject-repair,old-release,Source08,16,927,916,1250,1250,0,0,false
release,reject-repair,old-release,Source09,16,904,916,1000,1000,0,0,false
release,reject-repair,old-release,Source10,16,919,916,1125,1125,0,0,false
release,reject-repair,old-release,Source11,16,1049,917,2917,2917,0,0,false
release,reject-repair,old-release,Source12,16,898,875,1167,1167,0,0,false
release,reject-repair,old-release,Source13,16,904,916,1000,1000,0,0,false
release,reject-repair,old-release,Source14,16,927,875,1208,1208,0,0,false
release,reject-repair,old-release,Source15,16,909,875,1000,1000,0,0,false
release,reject-repair,old-release,Hub,16,904263,890167,1093084,1093084,0,0,false
release,reject-repair,old-release,sum16Sources+Hub,16,969948,954212,1171043,1171043,1072,1072,false
release,reject-repair,setup,Source00,64,113842,103416,163917,254167,32768,32768,false
release,reject-repair,setup,Source01,64,3639,1209,7292,65000,0,0,false
release,reject-repair,setup,Source02,64,1808,1375,3416,5666,0,0,false
release,reject-repair,setup,Source03,64,1758,1334,3334,3958,0,0,false
release,reject-repair,setup,Source04,64,1367,959,3042,3750,0,0,false
release,reject-repair,setup,Source05,64,1251,958,2625,3041,0,0,false
release,reject-repair,setup,Source06,64,1334,958,2750,5000,0,0,false
release,reject-repair,setup,Source07,64,1282,959,2583,3000,0,0,false
release,reject-repair,setup,Source08,64,1237,917,2541,3042,0,0,false
release,reject-repair,setup,Source09,64,1248,958,2500,2584,0,0,false
release,reject-repair,setup,Source10,64,1893,958,2625,43042,0,0,false
release,reject-repair,setup,Source11,64,1306,1000,2583,3916,0,0,false
release,reject-repair,setup,Source12,64,1339,917,2625,9125,0,0,false
release,reject-repair,setup,Source13,64,1816,917,3167,30250,0,0,false
release,reject-repair,setup,Source14,64,1420,958,2709,15500,0,0,false
release,reject-repair,setup,Source15,64,1238,917,2833,3708,0,0,false
release,reject-repair,setup,Hub,64,140906,210291,275417,342375,0,0,false
release,reject-repair,setup,sum16Sources+Hub,64,278686,322914,442750,569917,32768,32768,false
release,reject-repair,rejection-repair,Source00,16,18906,18666,24042,24042,592,560,false
release,reject-repair,rejection-repair,Source01,16,1331,958,3583,3583,0,0,false
release,reject-repair,rejection-repair,Source02,16,1669,1333,3417,3417,0,0,false
release,reject-repair,rejection-repair,Source03,16,1786,1292,3958,3958,0,0,false
release,reject-repair,rejection-repair,Source04,16,1305,917,2792,2792,0,0,false
release,reject-repair,rejection-repair,Source05,16,1213,916,2625,2625,0,0,false
release,reject-repair,rejection-repair,Source06,16,2432,917,19833,19833,0,0,false
release,reject-repair,rejection-repair,Source07,16,1797,958,8208,8208,0,0,false
release,reject-repair,rejection-repair,Source08,16,1604,917,7458,7458,0,0,false
release,reject-repair,rejection-repair,Source09,16,1573,917,7166,7166,0,0,false
release,reject-repair,rejection-repair,Source10,16,1586,916,7000,7000,0,0,false
release,reject-repair,rejection-repair,Source11,16,1680,1000,7875,7875,0,0,false
release,reject-repair,rejection-repair,Source12,16,1690,917,8000,8000,0,0,false
release,reject-repair,rejection-repair,Source13,16,2477,917,21417,21417,0,0,false
release,reject-repair,rejection-repair,Source14,16,2630,958,23125,23125,0,0,false
release,reject-repair,rejection-repair,Source15,16,1703,875,7209,7209,0,0,false
release,reject-repair,rejection-repair,Hub,16,48206,46208,89583,89583,0,0,false
release,reject-repair,rejection-repair,sum16Sources+Hub,16,93588,84166,231665,231665,592,560,false
release,reject-repair,reporting,Source00,128,5075,4584,8666,9583,0,0,false
release,reject-repair,reporting,Source01,128,1038,875,2417,4958,0,0,false
release,reject-repair,reporting,Source02,128,1415,1250,2667,5375,0,0,false
release,reject-repair,reporting,Source03,128,1391,1250,2709,5084,0,0,false
release,reject-repair,reporting,Source04,128,1007,875,2500,3291,0,0,false
release,reject-repair,reporting,Source05,128,997,875,2375,4125,0,0,false
release,reject-repair,reporting,Source06,128,1026,875,2584,4500,0,0,false
release,reject-repair,reporting,Source07,128,959,875,1250,2834,0,0,false
release,reject-repair,reporting,Source08,128,1023,834,2042,9625,0,0,false
release,reject-repair,reporting,Source09,128,984,834,1750,6083,0,0,false
release,reject-repair,reporting,Source10,128,999,875,2417,3291,0,0,false
release,reject-repair,reporting,Source11,128,972,875,1292,3208,0,0,false
release,reject-repair,reporting,Source12,128,947,834,1166,3042,0,0,false
release,reject-repair,reporting,Source13,128,932,834,1084,2542,0,0,false
release,reject-repair,reporting,Source14,128,973,834,2208,4792,0,0,false
release,reject-repair,reporting,Source15,128,982,834,2292,4958,0,0,false
release,reject-repair,reporting,Hub,128,86509,39583,227750,359500,0,0,false
release,reject-repair,reporting,sum16Sources+Hub,128,107230,60625,267373,378749,0,0,false
release,reject-repair,cleanup,Source00,256,3193,4167,7000,13750,0,0,false
release,reject-repair,cleanup,Source01,256,995,834,2250,3541,0,0,false
release,reject-repair,cleanup,Source02,256,5531,833,60125,122250,1072,1072,false
release,reject-repair,cleanup,Source03,256,5299,833,57375,113084,1072,1072,false
release,reject-repair,cleanup,Source04,256,1180,833,2291,25500,0,0,false
release,reject-repair,cleanup,Source05,256,1111,833,2042,36917,0,0,false
release,reject-repair,cleanup,Source06,256,1260,833,2125,80833,0,0,false
release,reject-repair,cleanup,Source07,256,973,833,2125,10083,0,0,false
release,reject-repair,cleanup,Source08,256,1022,833,2166,15500,0,0,false
release,reject-repair,cleanup,Source09,256,1005,833,1958,12084,0,0,false
release,reject-repair,cleanup,Source10,256,1000,833,2000,15417,0,0,false
release,reject-repair,cleanup,Source11,256,1082,833,2000,23000,0,0,false
release,reject-repair,cleanup,Source12,256,1068,833,1959,18584,0,0,false
release,reject-repair,cleanup,Source13,256,1084,833,1750,38583,0,0,false
release,reject-repair,cleanup,Source14,256,985,833,1791,16625,0,0,false
release,reject-repair,cleanup,Source15,256,1031,833,1334,19875,0,0,false
release,reject-repair,cleanup,Hub,256,97335,11167,1268791,1629500,1008,1008,false
release,reject-repair,cleanup,sum16Sources+Hub,256,125153,27461,1403832,1768708,3152,3152,false
