group,name,anchor_label,levels_percent,distinct_resolution_values,cost_proxy_percent_of_full,predicted_rgb_mse,predicted_rgb_rmse,predicted_take_rgb_mse,predicted_flat_rgb_mse,simple_additive_rgb_mse,interaction_rgb_mse
proposed,full-v50_50_50_50_50,,"[50, 50, 50, 50, 50]",1,25.0,7.453108442644033,2.730038176041506,7.067270608281894,7.8389462770061735,6.9819233860596706,0.47118505658436227
proposed,full-v50_50_50_90_50,,"[50, 50, 50, 90, 50]",2,36.199999999999996,3.1061088873885456,1.7624156397934472,2.8741082604595336,3.3381095143175585,2.8005132512431414,0.3055956361454042
proposed,full-v50_50_70_100_60,,"[50, 50, 70, 100, 60]",4,47.0,0.9269124281978738,0.9627629138047819,0.840915209190672,1.0129096472050756,0.8520693212019891,0.0748431069958847
proposed,full-v50_50_100_100_60,,"[50, 50, 100, 100, 60]",3,57.199999999999996,0.40098205482681754,0.6332314385963614,0.3694751478909465,0.43248896176268864,0.38248571995027436,0.018496334876543175
proposed,full-v50_70_100_100_80,,"[50, 70, 100, 100, 80]",4,67.60000000000001,0.23893898962620025,0.48881385989576875,0.21830905992798352,0.259568919324417,0.2242164459019204,0.014722543724279835
proposed,full-v70_70_100_100_100,,"[70, 70, 100, 100, 100]",2,79.60000000000001,0.06021942515432098,0.24539646524414524,0.0527970143175583,0.06764183599108367,0.054227912808641976,0.005991512345679004
proposed,full-v70_100_100_100_100,,"[70, 100, 100, 100, 100]",2,89.8,0.012996613511659805,0.11400269080885682,0.01151722179355281,0.014476005229766803,0.012996613511659805,0.0
proposed,full-v100_100_100_100_100,,"[100, 100, 100, 100, 100]",1,100.0,0.0,0.0,0.0,0.0,0.0,0.0
anchor,full-v50_50_50_100_100,D far 3 half,"[50, 50, 50, 100, 100]",2,55.00000000000001,1.0807446255572704,1.0395886809489945,0.96695671510631,1.1945325360082304,1.0181976326731825,0.06254699288408783
anchor,full-v50_50_100_100_100,F far 2 half,"[50, 50, 100, 100, 100]",2,70.0,0.11024694037208504,0.3320345469557122,0.09751982596021946,0.12297405478395063,0.10051164373285323,0.00973529663923181
anchor,full-v50_50_50_50_50,Uniform 50,"[50, 50, 50, 50, 50]",1,25.0,7.453108442644033,2.730038176041506,7.067270608281894,7.8389462770061735,6.9819233860596706,0.47118505658436227
anchor,full-v60_60_60_60_60,Uniform 60,"[60, 60, 60, 60, 60]",1,36.0,4.955186497985254,2.2260248197145636,4.669626200274349,5.240746795696159,4.65085463284465,0.30433186514060395
anchor,full-v70_70_70_70_70,Uniform 70,"[70, 70, 70, 70, 70]",1,49.0,3.5234070376800406,1.8770740629181473,3.305987547153635,3.7408265282064472,3.288716161908436,0.23469087577160463
anchor,full-v80_80_80_80_80,Uniform 80,"[80, 80, 80, 80, 80]",1,64.0,2.598406180341221,1.6119572514000553,2.4257036072530864,2.7711087534293553,2.4084323291752403,0.18997385116598053
anchor,full-v90_90_90_90_90,Uniform 90,"[90, 90, 90, 90, 90]",1,81.0,1.9834408489797664,1.4083468496715454,1.844423653978052,2.122458043981481,1.827730811685528,0.15571003729423838
anchor,full-v100_100_100_100_100,Uniform 100,"[100, 100, 100, 100, 100]",1,100.0,0.0,0.0,0.0,0.0,0.0,0.0
frontier,full-v50_50_50_50_50,,"[50, 50, 50, 50, 50]",1,25.0,7.453108442644033,2.730038176041506,7.067270608281894,7.8389462770061735,6.9819233860596706,0.47118505658436227
frontier,full-v50_50_50_60_50,,"[50, 50, 50, 60, 50]",2,27.200000000000003,5.466775307570303,2.3381136216125817,5.138621667095337,5.794928948045268,5.081652172282237,0.3851231352880653
frontier,full-v50_50_60_60_50,,"[50, 50, 60, 60, 50]",2,29.4,5.136601508916325,2.2664071807414317,4.842136488340192,5.431066529492456,4.797868762860083,0.33873274605624193
frontier,full-v50_50_50_70_50,,"[50, 50, 50, 70, 50]",2,29.799999999999997,4.330532621742113,2.080993181570308,4.047524166237998,4.613541077246228,3.9742599022633742,0.3562727194787385
frontier,full-v50_50_60_70_50,,"[50, 50, 60, 70, 50]",3,32.0,3.992477468064129,1.9981184819885254,3.742603309327847,4.242351626800411,3.6904764928412206,0.30200097522290825
frontier,full-v50_50_50_80_50,,"[50, 50, 50, 80, 50]",2,32.800000000000004,3.5936035022290813,1.8956802215112867,3.339625878772291,3.8475811256858714,3.26299173739712,0.33061176483196153
frontier,full-v50_50_60_80_50,,"[50, 50, 60, 80, 50]",3,35.0,3.2618232113768864,1.806051829648553,3.040635234482167,3.483011188271605,2.979208327974966,0.2826148834019202
frontier,full-v50_50_50_90_50,,"[50, 50, 50, 90, 50]",2,36.199999999999996,3.1061088873885456,1.7624156397934472,2.8741082604595336,3.3381095143175585,2.8005132512431414,0.3055956361454042
frontier,full-v50_50_70_80_50,,"[50, 50, 70, 80, 50]",3,37.6,3.0808613040123456,1.7552382470799643,2.8763050840192044,3.285417524005487,2.814889349708505,0.2659719543038408
frontier,full-v50_50_60_90_50,,"[50, 50, 60, 90, 50]",3,38.4,2.7807331318587103,1.6675530371951324,2.5814559220679008,2.9800103416495194,2.516729841820988,0.2640032900377225
frontier,full-v50_50_50_100_50,,"[50, 50, 50, 100, 50]",2,40.0,1.5218421799982855,1.2336296770093875,1.3822041109396435,1.6614802490569271,1.4181056830847052,0.10373649691358033
frontier,full-v50_50_60_100_50,,"[50, 50, 60, 100, 50]",3,42.199999999999996,1.2212991898148151,1.1051240608252157,1.1132458311899862,1.3293525484396433,1.1343222736625516,0.08697691615226355
frontier,full-v50_50_60_100_60,,"[50, 50, 60, 100, 60]",3,44.4,1.0976441936728396,1.047685159612772,0.9954796274862826,1.1998087598593963,1.01638829946845,0.0812558942043895
frontier,full-v50_50_70_100_50,,"[50, 50, 70, 100, 50]",3,44.800000000000004,1.05162066508059,1.0254855752669512,0.9599544538751714,1.1432868762860082,0.9700032953960906,0.08161736968449929
frontier,full-v50_50_70_100_60,,"[50, 50, 70, 100, 60]",4,47.0,0.9269124281978738,0.9627629138047819,0.840915209190672,1.0129096472050756,0.8520693212019891,0.0748431069958847
frontier,full-v50_60_70_100_60,,"[50, 60, 70, 100, 60]",4,49.2,0.8965286887002744,0.9468519888030411,0.8133764146090535,0.9796809627914953,0.8303516696673525,0.06617701903292184
frontier,full-v50_50_70_100_70,,"[50, 50, 70, 100, 70]",3,49.6,0.8514446427040467,0.9227375806284508,0.7696273791152263,0.9332619062928671,0.7788456736539782,0.07259896905006857
frontier,full-v50_50_80_100_60,,"[50, 50, 80, 100, 60]",4,50.0,0.8146850887345679,0.902599074193281,0.7393075917352537,0.8900625857338821,0.7444169560185185,0.07026813271604937
frontier,full-v50_60_80_100_60,,"[50, 60, 80, 100, 60]",4,52.2,0.7852618366340878,0.8861500079749973,0.7126085605281207,0.8579151127400549,0.722699304483882,0.0625625321502058
frontier,full-v50_50_80_100_70,,"[50, 50, 80, 100, 70]",4,52.6,0.738889317558299,0.8595867132281065,0.6676294581618656,0.8101491769547325,0.6711933084705076,0.06769600908779139
frontier,full-v50_50_90_100_60,,"[50, 50, 90, 100, 60]",4,53.400000000000006,0.7350929408864884,0.8573756124864343,0.6676017554012346,0.8025841263717421,0.6696596096965021,0.06543333118998629
frontier,full-v50_60_80_100_70,,"[50, 60, 80, 100, 70]",5,54.800000000000004,0.7093128697273662,0.8422071418168847,0.6407678540809327,0.7778578853737997,0.6494756569358711,0.05983721279149512
frontier,full-v50_50_100_100_50,,"[50, 50, 100, 100, 50]",2,55.00000000000001,0.519993221664952,0.7211055551477551,0.4827867262517147,0.5571997170781893,0.5004196941443759,0.01957352752057606
frontier,full-v50_50_100_100_60,,"[50, 50, 100, 100, 60]",3,57.199999999999996,0.40098205482681754,0.6332314385963614,0.3694751478909465,0.43248896176268864,0.38248571995027436,0.018496334876543175
frontier,full-v50_60_100_100_60,,"[50, 60, 100, 100, 60]",3,59.4,0.37697932741769546,0.6139864228284657,0.34776004158093277,0.40619861325445816,0.3607680684156378,0.016211259002057665
frontier,full-v50_50_100_100_70,,"[50, 50, 100, 100, 70]",3,59.8,0.3272198377486283,0.5720313258455592,0.29958585176611796,0.35485382373113855,0.3092620724022634,0.017957765346364896
frontier,full-v50_60_100_100_70,,"[50, 60, 100, 100, 70]",4,62.0,0.30306391460905346,0.5505124109491569,0.2777081725823045,0.32841965663580247,0.2875444208676269,0.015519493741426582
frontier,full-v50_50_100_100_80,,"[50, 50, 100, 100, 80]",3,62.8,0.2768623274605624,0.5261770875480634,0.2521658521947874,0.30155880272633745,0.2592649123371056,0.017597415123456805
frontier,full-v50_60_100_100_80,,"[50, 60, 100, 100, 80]",4,65.0,0.2527190500685871,0.5027116967692189,0.23033854166666662,0.27509955847050754,0.2375472608024691,0.01517178926611798
frontier,full-v50_50_100_100_90,,"[50, 50, 100, 100, 90]",3,66.2,0.24007434735082303,0.48997382312815757,0.21735950360082304,0.262789191100823,0.22288384666495198,0.017190500685871052
frontier,full-v50_70_100_100_80,,"[50, 70, 100, 100, 80]",4,67.60000000000001,0.23893898962620025,0.48881385989576875,0.21830905992798352,0.259568919324417,0.2242164459019204,0.014722543724279835
frontier,full-v50_60_100_100_90,,"[50, 60, 100, 100, 90]",4,68.4,0.21601653592249653,0.4647757910245504,0.19560120884773663,0.2364318629972565,0.20116619513031547,0.01485034079218106
frontier,full-v50_50_100_100_100,,"[50, 50, 100, 100, 100]",2,70.0,0.11024694037208504,0.3320345469557122,0.09751982596021946,0.12297405478395063,0.10051164373285323,0.00973529663923181
frontier,full-v50_60_100_100_100,,"[50, 60, 100, 100, 100]",3,72.2,0.08655864197530863,0.2942085008549356,0.07613393775720163,0.09698334619341563,0.07879399219821673,0.007764649777091903
frontier,full-v60_60_100_100_100,,"[60, 60, 100, 100, 100]",2,74.4,0.07821314514746228,0.27966613157023906,0.06840974365569272,0.08801654663923182,0.07143148791152262,0.006781657235939653
frontier,full-v50_70_100_100_100,,"[50, 70, 100, 100, 100]",3,74.8,0.07284095293209877,0.269890631427063,0.06418504586762688,0.08149685999657064,0.06546317729766804,0.007377775634430733
frontier,full-v60_70_100_100_100,,"[60, 70, 100, 100, 100]",3,77.0,0.06424881044238684,0.25347349061072805,0.05631392532578876,0.0721836955589849,0.058100673010973936,0.006148137431412903
frontier,full-v70_70_100_100_100,,"[70, 70, 100, 100, 100]",2,79.60000000000001,0.06021942515432098,0.24539646524414524,0.0527970143175583,0.06764183599108367,0.054227912808641976,0.005991512345679004
frontier,full-v60_80_100_100_100,,"[60, 80, 100, 100, 100]",3,80.0,0.05593841092249657,0.23651302484746284,0.048724279835390946,0.0631525420096022,0.050333129715363516,0.005605281207133057
frontier,full-v70_80_100_100_100,,"[70, 80, 100, 100, 100]",3,82.6,0.05181820130315501,0.2276361159903125,0.045192686899862826,0.058443715706447186,0.04646036951303155,0.00535783179012346
frontier,full-v60_90_100_100_100,,"[60, 90, 100, 100, 100]",3,83.39999999999999,0.04967919453017833,0.22288830056819567,0.04311937371399177,0.05623901534636488,0.04432682827503429,0.005352366255144035
frontier,full-v50_100_100_100_100,,"[50, 100, 100, 100, 100]",2,85.0,0.024231878000685873,0.15566591791617673,0.021612707904663922,0.02685104809670782,0.024231878000685873,0.0
frontier,full-v60_100_100_100_100,,"[60, 100, 100, 100, 100]",2,87.2,0.01686937371399177,0.12988215317737756,0.014874667781207133,0.018864079646776406,0.01686937371399177,0.0
frontier,full-v70_100_100_100_100,,"[70, 100, 100, 100, 100]",2,89.8,0.012996613511659805,0.11400269080885682,0.01151722179355281,0.014476005229766803,0.012996613511659805,0.0
frontier,full-v80_100_100_100_100,,"[80, 100, 100, 100, 100]",2,92.80000000000001,0.009398014188957474,0.09694335556889638,0.008278945901920439,0.010517082475994512,0.009398014188957474,0.0
frontier,full-v90_100_100_100_100,,"[90, 100, 100, 100, 100]",2,96.2,0.008319696287722908,0.09121236915968638,0.007337427126200274,0.00930196544924554,0.008319696287722908,0.0
frontier,full-v100_100_100_100_100,,"[100, 100, 100, 100, 100]",1,100.0,0.0,0.0,0.0,0.0,0.0,0.0
at_most_2,full-v50_50_50_50_50,,"[50, 50, 50, 50, 50]",1,25.0,7.453108442644033,2.730038176041506,7.067270608281894,7.8389462770061735,6.9819233860596706,0.47118505658436227
at_most_2,full-v50_50_50_60_50,,"[50, 50, 50, 60, 50]",2,27.200000000000003,5.466775307570303,2.3381136216125817,5.138621667095337,5.794928948045268,5.081652172282237,0.3851231352880653
at_most_2,full-v50_50_60_60_50,,"[50, 50, 60, 60, 50]",2,29.4,5.136601508916325,2.2664071807414317,4.842136488340192,5.431066529492456,4.797868762860083,0.33873274605624193
at_most_2,full-v50_50_50_70_50,,"[50, 50, 50, 70, 50]",2,29.799999999999997,4.330532621742113,2.080993181570308,4.047524166237998,4.613541077246228,3.9742599022633742,0.3562727194787385
at_most_2,full-v50_50_50_80_50,,"[50, 50, 50, 80, 50]",2,32.800000000000004,3.5936035022290813,1.8956802215112867,3.339625878772291,3.8475811256858714,3.26299173739712,0.33061176483196153
at_most_2,full-v50_50_50_90_50,,"[50, 50, 50, 90, 50]",2,36.199999999999996,3.1061088873885456,1.7624156397934472,2.8741082604595336,3.3381095143175585,2.8005132512431414,0.3055956361454042
at_most_2,full-v50_50_50_100_50,,"[50, 50, 50, 100, 50]",2,40.0,1.5218421799982855,1.2336296770093875,1.3822041109396435,1.6614802490569271,1.4181056830847052,0.10373649691358033
at_most_2,full-v60_60_60_100_60,,"[60, 60, 60, 100, 60]",2,48.8,1.0597462009173526,1.029439750989514,0.9607944851680386,1.1586979166666667,0.9873081436471194,0.07243805727023322
at_most_2,full-v50_50_100_100_50,,"[50, 50, 100, 100, 50]",2,55.00000000000001,0.519993221664952,0.7211055551477551,0.4827867262517147,0.5571997170781893,0.5004196941443759,0.01957352752057606
at_most_2,full-v60_60_100_100_60,,"[60, 60, 100, 100, 60]",2,61.6,0.3685248949759945,0.6070625132356589,0.33990885416666666,0.39714093578532234,0.35340556412894375,0.01511933084705075
at_most_2,full-v70_70_100_100_70,,"[70, 70, 100, 100, 70]",2,69.39999999999999,0.2765662508573388,0.5258956653722664,0.2542049254115226,0.29892757630315503,0.2629783414780521,0.013587909379286722
at_most_2,full-v50_50_100_100_100,,"[50, 50, 100, 100, 100]",2,70.0,0.11024694037208504,0.3320345469557122,0.09751982596021946,0.12297405478395063,0.10051164373285323,0.00973529663923181
at_most_2,full-v60_60_100_100_100,,"[60, 60, 100, 100, 100]",2,74.4,0.07821314514746228,0.27966613157023906,0.06840974365569272,0.08801654663923182,0.07143148791152262,0.006781657235939653
at_most_2,full-v70_70_100_100_100,,"[70, 70, 100, 100, 100]",2,79.60000000000001,0.06021942515432098,0.24539646524414524,0.0527970143175583,0.06764183599108367,0.054227912808641976,0.005991512345679004
at_most_2,full-v50_100_100_100_100,,"[50, 100, 100, 100, 100]",2,85.0,0.024231878000685873,0.15566591791617673,0.021612707904663922,0.02685104809670782,0.024231878000685873,0.0
at_most_2,full-v60_100_100_100_100,,"[60, 100, 100, 100, 100]",2,87.2,0.01686937371399177,0.12988215317737756,0.014874667781207133,0.018864079646776406,0.01686937371399177,0.0
at_most_2,full-v70_100_100_100_100,,"[70, 100, 100, 100, 100]",2,89.8,0.012996613511659805,0.11400269080885682,0.01151722179355281,0.014476005229766803,0.012996613511659805,0.0
at_most_2,full-v80_100_100_100_100,,"[80, 100, 100, 100, 100]",2,92.80000000000001,0.009398014188957474,0.09694335556889638,0.008278945901920439,0.010517082475994512,0.009398014188957474,0.0
at_most_2,full-v90_100_100_100_100,,"[90, 100, 100, 100, 100]",2,96.2,0.008319696287722908,0.09121236915968638,0.007337427126200274,0.00930196544924554,0.008319696287722908,0.0
at_most_2,full-v100_100_100_100_100,,"[100, 100, 100, 100, 100]",1,100.0,0.0,0.0,0.0,0.0,0.0,0.0
at_most_3,full-v50_50_50_50_50,,"[50, 50, 50, 50, 50]",1,25.0,7.453108442644033,2.730038176041506,7.067270608281894,7.8389462770061735,6.9819233860596706,0.47118505658436227
at_most_3,full-v50_50_50_60_50,,"[50, 50, 50, 60, 50]",2,27.200000000000003,5.466775307570303,2.3381136216125817,5.138621667095337,5.794928948045268,5.081652172282237,0.3851231352880653
at_most_3,full-v50_50_60_60_50,,"[50, 50, 60, 60, 50]",2,29.4,5.136601508916325,2.2664071807414317,4.842136488340192,5.431066529492456,4.797868762860083,0.33873274605624193
at_most_3,full-v50_50_50_70_50,,"[50, 50, 50, 70, 50]",2,29.799999999999997,4.330532621742113,2.080993181570308,4.047524166237998,4.613541077246228,3.9742599022633742,0.3562727194787385
at_most_3,full-v50_50_60_70_50,,"[50, 50, 60, 70, 50]",3,32.0,3.992477468064129,1.9981184819885254,3.742603309327847,4.242351626800411,3.6904764928412206,0.30200097522290825
at_most_3,full-v50_50_50_80_50,,"[50, 50, 50, 80, 50]",2,32.800000000000004,3.5936035022290813,1.8956802215112867,3.339625878772291,3.8475811256858714,3.26299173739712,0.33061176483196153
at_most_3,full-v50_50_60_80_50,,"[50, 50, 60, 80, 50]",3,35.0,3.2618232113768864,1.806051829648553,3.040635234482167,3.483011188271605,2.979208327974966,0.2826148834019202
at_most_3,full-v50_50_50_90_50,,"[50, 50, 50, 90, 50]",2,36.199999999999996,3.1061088873885456,1.7624156397934472,2.8741082604595336,3.3381095143175585,2.8005132512431414,0.3055956361454042
at_most_3,full-v50_50_70_80_50,,"[50, 50, 70, 80, 50]",3,37.6,3.0808613040123456,1.7552382470799643,2.8763050840192044,3.285417524005487,2.814889349708505,0.2659719543038408
at_most_3,full-v50_50_60_90_50,,"[50, 50, 60, 90, 50]",3,38.4,2.7807331318587103,1.6675530371951324,2.5814559220679008,2.9800103416495194,2.516729841820988,0.2640032900377225
at_most_3,full-v50_50_50_100_50,,"[50, 50, 50, 100, 50]",2,40.0,1.5218421799982855,1.2336296770093875,1.3822041109396435,1.6614802490569271,1.4181056830847052,0.10373649691358033
at_most_3,full-v50_50_60_100_50,,"[50, 50, 60, 100, 50]",3,42.199999999999996,1.2212991898148151,1.1051240608252157,1.1132458311899862,1.3293525484396433,1.1343222736625516,0.08697691615226355
at_most_3,full-v50_50_60_100_60,,"[50, 50, 60, 100, 60]",3,44.4,1.0976441936728396,1.047685159612772,0.9954796274862826,1.1998087598593963,1.01638829946845,0.0812558942043895
at_most_3,full-v50_50_70_100_50,,"[50, 50, 70, 100, 50]",3,44.800000000000004,1.05162066508059,1.0254855752669512,0.9599544538751714,1.1432868762860082,0.9700032953960906,0.08161736968449929
at_most_3,full-v50_50_80_100_50,,"[50, 50, 80, 100, 50]",3,47.8,0.9388784936556926,0.9689574261316607,0.8577196930727023,1.020037294238683,0.8623509302126201,0.07652756344307254
at_most_3,full-v50_50_70_100_70,,"[50, 50, 70, 100, 70]",3,49.6,0.8514446427040467,0.9227375806284508,0.7696273791152263,0.9332619062928671,0.7788456736539782,0.07259896905006857
at_most_3,full-v60_60_70_100_70,,"[60, 60, 70, 100, 70]",3,54.0,0.8115823795438959,0.9008786708230447,0.7331958376200274,0.8899689214677641,0.7497655178326476,0.06181686171124834
at_most_3,full-v60_60_80_100_60,,"[60, 60, 80, 100, 60]",3,54.400000000000006,0.7761425379372429,0.8809895220360131,0.7040986153978053,0.8481864604766804,0.7153368001971879,0.06080573774005493
at_most_3,full-v50_50_100_100_50,,"[50, 50, 100, 100, 50]",2,55.00000000000001,0.519993221664952,0.7211055551477551,0.4827867262517147,0.5571997170781893,0.5004196941443759,0.01957352752057606
at_most_3,full-v50_50_100_100_60,,"[50, 50, 100, 100, 60]",3,57.199999999999996,0.40098205482681754,0.6332314385963614,0.3694751478909465,0.43248896176268864,0.38248571995027436,0.018496334876543175
at_most_3,full-v50_60_100_100_60,,"[50, 60, 100, 100, 60]",3,59.4,0.37697932741769546,0.6139864228284657,0.34776004158093277,0.40619861325445816,0.3607680684156378,0.016211259002057665
at_most_3,full-v50_50_100_100_70,,"[50, 50, 100, 100, 70]",3,59.8,0.3272198377486283,0.5720313258455592,0.29958585176611796,0.35485382373113855,0.3092620724022634,0.017957765346364896
at_most_3,full-v50_50_100_100_80,,"[50, 50, 100, 100, 80]",3,62.8,0.2768623274605624,0.5261770875480634,0.2521658521947874,0.30155880272633745,0.2592649123371056,0.017597415123456805
at_most_3,full-v50_50_100_100_90,,"[50, 50, 100, 100, 90]",3,66.2,0.24007434735082303,0.48997382312815757,0.21735950360082304,0.262789191100823,0.22288384666495198,0.017190500685871052
at_most_3,full-v50_50_100_100_100,,"[50, 50, 100, 100, 100]",2,70.0,0.11024694037208504,0.3320345469557122,0.09751982596021946,0.12297405478395063,0.10051164373285323,0.00973529663923181
at_most_3,full-v50_60_100_100_100,,"[50, 60, 100, 100, 100]",3,72.2,0.08655864197530863,0.2942085008549356,0.07613393775720163,0.09698334619341563,0.07879399219821673,0.007764649777091903
at_most_3,full-v60_60_100_100_100,,"[60, 60, 100, 100, 100]",2,74.4,0.07821314514746228,0.27966613157023906,0.06840974365569272,0.08801654663923182,0.07143148791152262,0.006781657235939653
at_most_3,full-v50_70_100_100_100,,"[50, 70, 100, 100, 100]",3,74.8,0.07284095293209877,0.269890631427063,0.06418504586762688,0.08149685999657064,0.06546317729766804,0.007377775634430733
at_most_3,full-v60_70_100_100_100,,"[60, 70, 100, 100, 100]",3,77.0,0.06424881044238684,0.25347349061072805,0.05631392532578876,0.0721836955589849,0.058100673010973936,0.006148137431412903
at_most_3,full-v70_70_100_100_100,,"[70, 70, 100, 100, 100]",2,79.60000000000001,0.06021942515432098,0.24539646524414524,0.0527970143175583,0.06764183599108367,0.054227912808641976,0.005991512345679004
at_most_3,full-v60_80_100_100_100,,"[60, 80, 100, 100, 100]",3,80.0,0.05593841092249657,0.23651302484746284,0.048724279835390946,0.0631525420096022,0.050333129715363516,0.005605281207133057
at_most_3,full-v70_80_100_100_100,,"[70, 80, 100, 100, 100]",3,82.6,0.05181820130315501,0.2276361159903125,0.045192686899862826,0.058443715706447186,0.04646036951303155,0.00535783179012346
at_most_3,full-v60_90_100_100_100,,"[60, 90, 100, 100, 100]",3,83.39999999999999,0.04967919453017833,0.22288830056819567,0.04311937371399177,0.05623901534636488,0.04432682827503429,0.005352366255144035
at_most_3,full-v50_100_100_100_100,,"[50, 100, 100, 100, 100]",2,85.0,0.024231878000685873,0.15566591791617673,0.021612707904663922,0.02685104809670782,0.024231878000685873,0.0
at_most_3,full-v60_100_100_100_100,,"[60, 100, 100, 100, 100]",2,87.2,0.01686937371399177,0.12988215317737756,0.014874667781207133,0.018864079646776406,0.01686937371399177,0.0
at_most_3,full-v70_100_100_100_100,,"[70, 100, 100, 100, 100]",2,89.8,0.012996613511659805,0.11400269080885682,0.01151722179355281,0.014476005229766803,0.012996613511659805,0.0
at_most_3,full-v80_100_100_100_100,,"[80, 100, 100, 100, 100]",2,92.80000000000001,0.009398014188957474,0.09694335556889638,0.008278945901920439,0.010517082475994512,0.009398014188957474,0.0
at_most_3,full-v90_100_100_100_100,,"[90, 100, 100, 100, 100]",2,96.2,0.008319696287722908,0.09121236915968638,0.007337427126200274,0.00930196544924554,0.008319696287722908,0.0
at_most_3,full-v100_100_100_100_100,,"[100, 100, 100, 100, 100]",1,100.0,0.0,0.0,0.0,0.0,0.0,0.0
